{
  "v": "5.6.5",
  "fr": 24,
  "ip": 0,
  "op": 74,
  "w": 738,
  "h": 100,
  "nm": "bank transfer",
  "ddd": 0,
  "assets": [],
  "layers": [
    {
      "ddd": 0,
      "ind": 1,
      "ty": 4,
      "nm": "r bank Outlines",
      "sr": 1,
      "ks": {
        "o": { "a": 0, "k": 100, "ix": 11 },
        "r": { "a": 0, "k": 0, "ix": 10 },
        "p": { "a": 0, "k": [655.22, 48.585, 0], "ix": 2 },
        "a": { "a": 0, "k": [40.949, 41.396, 0], "ix": 1 },
        "s": { "a": 0, "k": [100, 100, 100], "ix": 6 }
      },
      "ao": 0,
      "shapes": [
        {
          "ty": "gr",
          "it": [
            {
              "ind": 0,
              "ty": "sh",
              "ix": 1,
              "ks": {
                "a": 0,
                "k": {
                  "i": [
                    [0, 0],
                    [0, -1.311],
                    [0, 0],
                    [1.311, 0],
                    [0, 0],
                    [0, 1.311],
                    [0, 0],
                    [-1.311, 0]
                  ],
                  "o": [
                    [1.311, 0],
                    [0, 0],
                    [0, 1.311],
                    [0, 0],
                    [-1.311, 0],
                    [0, 0],
                    [0, -1.311],
                    [0, 0]
                  ],
                  "v": [
                    [38.126, 30.072],
                    [40.499, 32.445],
                    [40.499, 38.773],
                    [38.126, 41.146],
                    [-38.124, 41.146],
                    [-40.498, 38.773],
                    [-40.498, 32.445],
                    [-38.124, 30.072]
                  ],
                  "c": true
                },
                "ix": 2
              },
              "nm": "Path 1",
              "mn": "ADBE Vector Shape - Group",
              "hd": false
            },
            {
              "ind": 1,
              "ty": "sh",
              "ix": 2,
              "ks": {
                "a": 0,
                "k": {
                  "i": [
                    [0, 0],
                    [0, 0],
                    [0, 0],
                    [0, 0]
                  ],
                  "o": [
                    [0, 0],
                    [0, 0],
                    [0, 0],
                    [0, 0]
                  ],
                  "v": [
                    [31.729, 27.372],
                    [22.238, 27.372],
                    [22.238, -2.628],
                    [31.729, -2.628]
                  ],
                  "c": true
                },
                "ix": 2
              },
              "nm": "Path 2",
              "mn": "ADBE Vector Shape - Group",
              "hd": false
            },
            {
              "ind": 2,
              "ty": "sh",
              "ix": 3,
              "ks": {
                "a": 0,
                "k": {
                  "i": [[0, 0]],
                  "o": [[0, 0]],
                  "v": [[31.729, -2.628]],
                  "c": false
                },
                "ix": 2
              },
              "nm": "Path 3",
              "mn": "ADBE Vector Shape - Group",
              "hd": false
            },
            {
              "ind": 3,
              "ty": "sh",
              "ix": 4,
              "ks": {
                "a": 0,
                "k": {
                  "i": [
                    [0, 0],
                    [0, 0],
                    [0, 0],
                    [0, 0]
                  ],
                  "o": [
                    [0, 0],
                    [0, 0],
                    [0, 0],
                    [0, 0]
                  ],
                  "v": [
                    [13.749, 27.372],
                    [4.257, 27.372],
                    [4.257, -2.628],
                    [13.749, -2.628]
                  ],
                  "c": true
                },
                "ix": 2
              },
              "nm": "Path 4",
              "mn": "ADBE Vector Shape - Group",
              "hd": false
            },
            {
              "ind": 4,
              "ty": "sh",
              "ix": 5,
              "ks": {
                "a": 0,
                "k": {
                  "i": [[0, 0]],
                  "o": [[0, 0]],
                  "v": [[13.749, -2.628]],
                  "c": false
                },
                "ix": 2
              },
              "nm": "Path 5",
              "mn": "ADBE Vector Shape - Group",
              "hd": false
            },
            {
              "ind": 5,
              "ty": "sh",
              "ix": 6,
              "ks": {
                "a": 0,
                "k": {
                  "i": [
                    [0, 0],
                    [0, 0],
                    [0, 0],
                    [0, 0]
                  ],
                  "o": [
                    [0, 0],
                    [0, 0],
                    [0, 0],
                    [0, 0]
                  ],
                  "v": [
                    [-4.233, 27.372],
                    [-13.725, 27.372],
                    [-13.725, -2.628],
                    [-4.233, -2.628]
                  ],
                  "c": true
                },
                "ix": 2
              },
              "nm": "Path 6",
              "mn": "ADBE Vector Shape - Group",
              "hd": false
            },
            {
              "ind": 6,
              "ty": "sh",
              "ix": 7,
              "ks": {
                "a": 0,
                "k": {
                  "i": [[0, 0]],
                  "o": [[0, 0]],
                  "v": [[-4.233, -2.628]],
                  "c": false
                },
                "ix": 2
              },
              "nm": "Path 7",
              "mn": "ADBE Vector Shape - Group",
              "hd": false
            },
            {
              "ind": 7,
              "ty": "sh",
              "ix": 8,
              "ks": {
                "a": 0,
                "k": {
                  "i": [
                    [0, 0],
                    [0, 0],
                    [0, 0],
                    [0, 0]
                  ],
                  "o": [
                    [0, 0],
                    [0, 0],
                    [0, 0],
                    [0, 0]
                  ],
                  "v": [
                    [-22.215, 27.372],
                    [-31.707, 27.372],
                    [-31.707, -2.628],
                    [-22.215, -2.628]
                  ],
                  "c": true
                },
                "ix": 2
              },
              "nm": "Path 8",
              "mn": "ADBE Vector Shape - Group",
              "hd": false
            },
            {
              "ind": 8,
              "ty": "sh",
              "ix": 9,
              "ks": {
                "a": 0,
                "k": {
                  "i": [[0, 0]],
                  "o": [[0, 0]],
                  "v": [[-22.215, -2.628]],
                  "c": false
                },
                "ix": 2
              },
              "nm": "Path 9",
              "mn": "ADBE Vector Shape - Group",
              "hd": false
            },
            {
              "ind": 9,
              "ty": "sh",
              "ix": 10,
              "ks": {
                "a": 0,
                "k": {
                  "i": [
                    [0, 0],
                    [0, 0],
                    [1.311, 0],
                    [0, 0],
                    [0, 1.311],
                    [0, 0]
                  ],
                  "o": [
                    [0, 0],
                    [0, 1.311],
                    [0, 0],
                    [-1.311, 0],
                    [0, 0],
                    [0, 0]
                  ],
                  "v": [
                    [34.872, -10.168],
                    [34.872, -7.795],
                    [32.499, -5.422],
                    [-32.499, -5.422],
                    [-34.871, -7.795],
                    [-34.871, -10.168]
                  ],
                  "c": true
                },
                "ix": 2
              },
              "nm": "Path 10",
              "mn": "ADBE Vector Shape - Group",
              "hd": false
            },
            {
              "ind": 10,
              "ty": "sh",
              "ix": 11,
              "ks": {
                "a": 0,
                "k": {
                  "i": [
                    [0, 0],
                    [-0.762, -0.47],
                    [0, 0],
                    [0.288, -1.022],
                    [1.061, 0],
                    [0, 0],
                    [0.289, 1.021],
                    [-0.904, 0.557]
                  ],
                  "o": [
                    [0.763, -0.47],
                    [0, 0],
                    [0.904, 0.556],
                    [-0.289, 1.021],
                    [0, 0],
                    [-1.061, 0],
                    [-0.289, -1.022],
                    [0, 0]
                  ],
                  "v": [
                    [-1.243, -40.676],
                    [1.243, -40.676],
                    [39.371, -17.208],
                    [40.41, -14.54],
                    [38.127, -12.814],
                    [-38.126, -12.814],
                    [-40.41, -14.54],
                    [-39.371, -17.208]
                  ],
                  "c": true
                },
                "ix": 2
              },
              "nm": "Path 11",
              "mn": "ADBE Vector Shape - Group",
              "hd": false
            },
            {
              "ty": "mm",
              "mm": 1,
              "nm": "Merge Paths 1",
              "mn": "ADBE Vector Filter - Merge",
              "hd": false
            },
            {
              "ty": "fl",
              "c": {
                "a": 0,
                "k": [
                  0.4588235294117647, 0.4588235294117647, 0.4588235294117647, 1
                ],
                "ix": 4
              },
              "o": { "a": 0, "k": 100, "ix": 5 },
              "r": 1,
              "bm": 0,
              "nm": "Fill 1",
              "mn": "ADBE Vector Graphic - Fill",
              "hd": false
            },
            {
              "ty": "tr",
              "p": { "a": 0, "k": [40.948, 41.396], "ix": 2 },
              "a": { "a": 0, "k": [0, 0], "ix": 1 },
              "s": { "a": 0, "k": [100, 100], "ix": 3 },
              "r": { "a": 0, "k": 0, "ix": 6 },
              "o": { "a": 0, "k": 100, "ix": 7 },
              "sk": { "a": 0, "k": 0, "ix": 4 },
              "sa": { "a": 0, "k": 0, "ix": 5 },
              "nm": "Transform"
            }
          ],
          "nm": "Group 1",
          "np": 13,
          "cix": 2,
          "bm": 0,
          "ix": 1,
          "mn": "ADBE Vector Group",
          "hd": false
        }
      ],
      "ip": 0,
      "op": 108,
      "st": 0,
      "bm": 0
    },
    {
      "ddd": 0,
      "ind": 2,
      "ty": 4,
      "nm": "l bank Outlines",
      "sr": 1,
      "ks": {
        "o": { "a": 0, "k": 100, "ix": 11 },
        "r": { "a": 0, "k": 0, "ix": 10 },
        "p": { "a": 0, "k": [79.22, 48.585, 0], "ix": 2 },
        "a": { "a": 0, "k": [40.949, 41.396, 0], "ix": 1 },
        "s": { "a": 0, "k": [100, 100, 100], "ix": 6 }
      },
      "ao": 0,
      "shapes": [
        {
          "ty": "gr",
          "it": [
            {
              "ind": 0,
              "ty": "sh",
              "ix": 1,
              "ks": {
                "a": 0,
                "k": {
                  "i": [
                    [0, 0],
                    [0, -1.311],
                    [0, 0],
                    [1.311, 0],
                    [0, 0],
                    [0, 1.311],
                    [0, 0],
                    [-1.311, 0]
                  ],
                  "o": [
                    [1.311, 0],
                    [0, 0],
                    [0, 1.311],
                    [0, 0],
                    [-1.311, 0],
                    [0, 0],
                    [0, -1.311],
                    [0, 0]
                  ],
                  "v": [
                    [38.126, 30.072],
                    [40.499, 32.445],
                    [40.499, 38.773],
                    [38.126, 41.146],
                    [-38.124, 41.146],
                    [-40.498, 38.773],
                    [-40.498, 32.445],
                    [-38.124, 30.072]
                  ],
                  "c": true
                },
                "ix": 2
              },
              "nm": "Path 1",
              "mn": "ADBE Vector Shape - Group",
              "hd": false
            },
            {
              "ind": 1,
              "ty": "sh",
              "ix": 2,
              "ks": {
                "a": 0,
                "k": {
                  "i": [
                    [0, 0],
                    [0, 0],
                    [0, 0],
                    [0, 0]
                  ],
                  "o": [
                    [0, 0],
                    [0, 0],
                    [0, 0],
                    [0, 0]
                  ],
                  "v": [
                    [31.73, 27.372],
                    [22.239, 27.372],
                    [22.239, -2.628],
                    [31.73, -2.628]
                  ],
                  "c": true
                },
                "ix": 2
              },
              "nm": "Path 2",
              "mn": "ADBE Vector Shape - Group",
              "hd": false
            },
            {
              "ind": 2,
              "ty": "sh",
              "ix": 3,
              "ks": {
                "a": 0,
                "k": {
                  "i": [[0, 0]],
                  "o": [[0, 0]],
                  "v": [[31.73, -2.628]],
                  "c": false
                },
                "ix": 2
              },
              "nm": "Path 3",
              "mn": "ADBE Vector Shape - Group",
              "hd": false
            },
            {
              "ind": 3,
              "ty": "sh",
              "ix": 4,
              "ks": {
                "a": 0,
                "k": {
                  "i": [
                    [0, 0],
                    [0, 0],
                    [0, 0],
                    [0, 0]
                  ],
                  "o": [
                    [0, 0],
                    [0, 0],
                    [0, 0],
                    [0, 0]
                  ],
                  "v": [
                    [13.749, 27.372],
                    [4.257, 27.372],
                    [4.257, -2.628],
                    [13.749, -2.628]
                  ],
                  "c": true
                },
                "ix": 2
              },
              "nm": "Path 4",
              "mn": "ADBE Vector Shape - Group",
              "hd": false
            },
            {
              "ind": 4,
              "ty": "sh",
              "ix": 5,
              "ks": {
                "a": 0,
                "k": {
                  "i": [[0, 0]],
                  "o": [[0, 0]],
                  "v": [[13.749, -2.628]],
                  "c": false
                },
                "ix": 2
              },
              "nm": "Path 5",
              "mn": "ADBE Vector Shape - Group",
              "hd": false
            },
            {
              "ind": 5,
              "ty": "sh",
              "ix": 6,
              "ks": {
                "a": 0,
                "k": {
                  "i": [
                    [0, 0],
                    [0, 0],
                    [0, 0],
                    [0, 0]
                  ],
                  "o": [
                    [0, 0],
                    [0, 0],
                    [0, 0],
                    [0, 0]
                  ],
                  "v": [
                    [-4.233, 27.372],
                    [-13.725, 27.372],
                    [-13.725, -2.628],
                    [-4.233, -2.628]
                  ],
                  "c": true
                },
                "ix": 2
              },
              "nm": "Path 6",
              "mn": "ADBE Vector Shape - Group",
              "hd": false
            },
            {
              "ind": 6,
              "ty": "sh",
              "ix": 7,
              "ks": {
                "a": 0,
                "k": {
                  "i": [[0, 0]],
                  "o": [[0, 0]],
                  "v": [[-4.233, -2.628]],
                  "c": false
                },
                "ix": 2
              },
              "nm": "Path 7",
              "mn": "ADBE Vector Shape - Group",
              "hd": false
            },
            {
              "ind": 7,
              "ty": "sh",
              "ix": 8,
              "ks": {
                "a": 0,
                "k": {
                  "i": [
                    [0, 0],
                    [0, 0],
                    [0, 0],
                    [0, 0]
                  ],
                  "o": [
                    [0, 0],
                    [0, 0],
                    [0, 0],
                    [0, 0]
                  ],
                  "v": [
                    [-22.216, 27.372],
                    [-31.708, 27.372],
                    [-31.708, -2.628],
                    [-22.216, -2.628]
                  ],
                  "c": true
                },
                "ix": 2
              },
              "nm": "Path 8",
              "mn": "ADBE Vector Shape - Group",
              "hd": false
            },
            {
              "ind": 8,
              "ty": "sh",
              "ix": 9,
              "ks": {
                "a": 0,
                "k": {
                  "i": [[0, 0]],
                  "o": [[0, 0]],
                  "v": [[-22.216, -2.628]],
                  "c": false
                },
                "ix": 2
              },
              "nm": "Path 9",
              "mn": "ADBE Vector Shape - Group",
              "hd": false
            },
            {
              "ind": 9,
              "ty": "sh",
              "ix": 10,
              "ks": {
                "a": 0,
                "k": {
                  "i": [
                    [0, 0],
                    [0, 0],
                    [1.31, 0],
                    [0, 0],
                    [0, 1.311],
                    [0, 0]
                  ],
                  "o": [
                    [0, 0],
                    [0, 1.311],
                    [0, 0],
                    [-1.31, 0],
                    [0, 0],
                    [0, 0]
                  ],
                  "v": [
                    [34.872, -10.168],
                    [34.872, -7.795],
                    [32.499, -5.422],
                    [-32.499, -5.422],
                    [-34.871, -7.795],
                    [-34.871, -10.168]
                  ],
                  "c": true
                },
                "ix": 2
              },
              "nm": "Path 10",
              "mn": "ADBE Vector Shape - Group",
              "hd": false
            },
            {
              "ind": 10,
              "ty": "sh",
              "ix": 11,
              "ks": {
                "a": 0,
                "k": {
                  "i": [
                    [0, 0],
                    [-0.763, -0.47],
                    [0, 0],
                    [0.289, -1.022],
                    [1.061, 0],
                    [0, 0],
                    [0.289, 1.021],
                    [-0.904, 0.557]
                  ],
                  "o": [
                    [0.763, -0.47],
                    [0, 0],
                    [0.904, 0.556],
                    [-0.289, 1.021],
                    [0, 0],
                    [-1.061, 0],
                    [-0.289, -1.022],
                    [0, 0]
                  ],
                  "v": [
                    [-1.244, -40.676],
                    [1.244, -40.676],
                    [39.371, -17.208],
                    [40.41, -14.54],
                    [38.127, -12.814],
                    [-38.127, -12.814],
                    [-40.41, -14.54],
                    [-39.371, -17.208]
                  ],
                  "c": true
                },
                "ix": 2
              },
              "nm": "Path 11",
              "mn": "ADBE Vector Shape - Group",
              "hd": false
            },
            {
              "ty": "mm",
              "mm": 1,
              "nm": "Merge Paths 1",
              "mn": "ADBE Vector Filter - Merge",
              "hd": false
            },
            {
              "ty": "fl",
              "c": {
                "a": 0,
                "k": [
                  0.4588235294117647, 0.4588235294117647, 0.4588235294117647, 1
                ],
                "ix": 4
              },
              "o": { "a": 0, "k": 100, "ix": 5 },
              "r": 1,
              "bm": 0,
              "nm": "Fill 1",
              "mn": "ADBE Vector Graphic - Fill",
              "hd": false
            },
            {
              "ty": "tr",
              "p": { "a": 0, "k": [40.949, 41.396], "ix": 2 },
              "a": { "a": 0, "k": [0, 0], "ix": 1 },
              "s": { "a": 0, "k": [100, 100], "ix": 3 },
              "r": { "a": 0, "k": 0, "ix": 6 },
              "o": { "a": 0, "k": 100, "ix": 7 },
              "sk": { "a": 0, "k": 0, "ix": 4 },
              "sa": { "a": 0, "k": 0, "ix": 5 },
              "nm": "Transform"
            }
          ],
          "nm": "Group 1",
          "np": 13,
          "cix": 2,
          "bm": 0,
          "ix": 1,
          "mn": "ADBE Vector Group",
          "hd": false
        }
      ],
      "ip": 0,
      "op": 108,
      "st": 0,
      "bm": 0
    },
    {
      "ddd": 0,
      "ind": 3,
      "ty": 4,
      "nm": "lines Outlines 2",
      "td": 1,
      "sr": 1,
      "ks": {
        "o": { "a": 0, "k": 100, "ix": 11 },
        "r": { "a": 0, "k": 0, "ix": 10 },
        "p": { "a": 0, "k": [367.221, 50.457, 0], "ix": 2 },
        "a": { "a": 0, "k": [205.75, 3.25, 0], "ix": 1 },
        "s": { "a": 0, "k": [100, 100, 100], "ix": 6 }
      },
      "ao": 0,
      "shapes": [
        {
          "ty": "gr",
          "it": [
            {
              "ind": 0,
              "ty": "sh",
              "ix": 1,
              "ks": {
                "a": 0,
                "k": {
                  "i": [
                    [-1.657, 0],
                    [0, 0],
                    [0, -1.657],
                    [1.656, 0],
                    [0, 0],
                    [0, 1.656]
                  ],
                  "o": [
                    [0, 0],
                    [1.656, 0],
                    [0, 1.656],
                    [0, 0],
                    [-1.657, 0],
                    [0, -1.657]
                  ],
                  "v": [
                    [-7.5, -3],
                    [7.5, -3],
                    [10.5, 0],
                    [7.5, 3],
                    [-7.5, 3],
                    [-10.5, 0]
                  ],
                  "c": true
                },
                "ix": 2
              },
              "nm": "Path 1",
              "mn": "ADBE Vector Shape - Group",
              "hd": false
            },
            {
              "ty": "fl",
              "c": {
                "a": 0,
                "k": [
                  0.6784313725490196, 0.6784313725490196, 0.6784313725490196, 1
                ],
                "ix": 4
              },
              "o": { "a": 0, "k": 100, "ix": 5 },
              "r": 1,
              "bm": 0,
              "nm": "Fill 1",
              "mn": "ADBE Vector Graphic - Fill",
              "hd": false
            },
            {
              "ty": "tr",
              "p": { "a": 0, "k": [400.75, 3.25], "ix": 2 },
              "a": { "a": 0, "k": [0, 0], "ix": 1 },
              "s": { "a": 0, "k": [100, 100], "ix": 3 },
              "r": { "a": 0, "k": 0, "ix": 6 },
              "o": { "a": 0, "k": 100, "ix": 7 },
              "sk": { "a": 0, "k": 0, "ix": 4 },
              "sa": { "a": 0, "k": 0, "ix": 5 },
              "nm": "Transform"
            }
          ],
          "nm": "Group 1",
          "np": 2,
          "cix": 2,
          "bm": 0,
          "ix": 1,
          "mn": "ADBE Vector Group",
          "hd": false
        },
        {
          "ty": "gr",
          "it": [
            {
              "ind": 0,
              "ty": "sh",
              "ix": 1,
              "ks": {
                "a": 0,
                "k": {
                  "i": [
                    [-1.657, 0],
                    [0, 0],
                    [0, -1.657],
                    [1.656, 0],
                    [0, 0],
                    [0, 1.656]
                  ],
                  "o": [
                    [0, 0],
                    [1.656, 0],
                    [0, 1.656],
                    [0, 0],
                    [-1.657, 0],
                    [0, -1.657]
                  ],
                  "v": [
                    [-7.5, -3],
                    [7.5, -3],
                    [10.5, 0],
                    [7.5, 3],
                    [-7.5, 3],
                    [-10.5, 0]
                  ],
                  "c": true
                },
                "ix": 2
              },
              "nm": "Path 1",
              "mn": "ADBE Vector Shape - Group",
              "hd": false
            },
            {
              "ty": "fl",
              "c": {
                "a": 0,
                "k": [
                  0.6784313725490196, 0.6784313725490196, 0.6784313725490196, 1
                ],
                "ix": 4
              },
              "o": { "a": 0, "k": 100, "ix": 5 },
              "r": 1,
              "bm": 0,
              "nm": "Fill 1",
              "mn": "ADBE Vector Graphic - Fill",
              "hd": false
            },
            {
              "ty": "tr",
              "p": { "a": 0, "k": [370.75, 3.25], "ix": 2 },
              "a": { "a": 0, "k": [0, 0], "ix": 1 },
              "s": { "a": 0, "k": [100, 100], "ix": 3 },
              "r": { "a": 0, "k": 0, "ix": 6 },
              "o": { "a": 0, "k": 100, "ix": 7 },
              "sk": { "a": 0, "k": 0, "ix": 4 },
              "sa": { "a": 0, "k": 0, "ix": 5 },
              "nm": "Transform"
            }
          ],
          "nm": "Group 2",
          "np": 2,
          "cix": 2,
          "bm": 0,
          "ix": 2,
          "mn": "ADBE Vector Group",
          "hd": false
        },
        {
          "ty": "gr",
          "it": [
            {
              "ind": 0,
              "ty": "sh",
              "ix": 1,
              "ks": {
                "a": 0,
                "k": {
                  "i": [
                    [-1.657, 0],
                    [0, 0],
                    [0, -1.657],
                    [1.656, 0],
                    [0, 0],
                    [0, 1.656]
                  ],
                  "o": [
                    [0, 0],
                    [1.656, 0],
                    [0, 1.656],
                    [0, 0],
                    [-1.657, 0],
                    [0, -1.657]
                  ],
                  "v": [
                    [-7.5, -3],
                    [7.5, -3],
                    [10.5, 0],
                    [7.5, 3],
                    [-7.5, 3],
                    [-10.5, 0]
                  ],
                  "c": true
                },
                "ix": 2
              },
              "nm": "Path 1",
              "mn": "ADBE Vector Shape - Group",
              "hd": false
            },
            {
              "ty": "fl",
              "c": {
                "a": 0,
                "k": [
                  0.6784313725490196, 0.6784313725490196, 0.6784313725490196, 1
                ],
                "ix": 4
              },
              "o": { "a": 0, "k": 100, "ix": 5 },
              "r": 1,
              "bm": 0,
              "nm": "Fill 1",
              "mn": "ADBE Vector Graphic - Fill",
              "hd": false
            },
            {
              "ty": "tr",
              "p": { "a": 0, "k": [340.75, 3.25], "ix": 2 },
              "a": { "a": 0, "k": [0, 0], "ix": 1 },
              "s": { "a": 0, "k": [100, 100], "ix": 3 },
              "r": { "a": 0, "k": 0, "ix": 6 },
              "o": { "a": 0, "k": 100, "ix": 7 },
              "sk": { "a": 0, "k": 0, "ix": 4 },
              "sa": { "a": 0, "k": 0, "ix": 5 },
              "nm": "Transform"
            }
          ],
          "nm": "Group 3",
          "np": 2,
          "cix": 2,
          "bm": 0,
          "ix": 3,
          "mn": "ADBE Vector Group",
          "hd": false
        },
        {
          "ty": "gr",
          "it": [
            {
              "ind": 0,
              "ty": "sh",
              "ix": 1,
              "ks": {
                "a": 0,
                "k": {
                  "i": [
                    [-1.657, 0],
                    [0, 0],
                    [0, -1.657],
                    [1.656, 0],
                    [0, 0],
                    [0, 1.656]
                  ],
                  "o": [
                    [0, 0],
                    [1.656, 0],
                    [0, 1.656],
                    [0, 0],
                    [-1.657, 0],
                    [0, -1.657]
                  ],
                  "v": [
                    [-7.5, -3],
                    [7.5, -3],
                    [10.5, 0],
                    [7.5, 3],
                    [-7.5, 3],
                    [-10.5, 0]
                  ],
                  "c": true
                },
                "ix": 2
              },
              "nm": "Path 1",
              "mn": "ADBE Vector Shape - Group",
              "hd": false
            },
            {
              "ty": "fl",
              "c": {
                "a": 0,
                "k": [
                  0.6784313725490196, 0.6784313725490196, 0.6784313725490196, 1
                ],
                "ix": 4
              },
              "o": { "a": 0, "k": 100, "ix": 5 },
              "r": 1,
              "bm": 0,
              "nm": "Fill 1",
              "mn": "ADBE Vector Graphic - Fill",
              "hd": false
            },
            {
              "ty": "tr",
              "p": { "a": 0, "k": [310.75, 3.25], "ix": 2 },
              "a": { "a": 0, "k": [0, 0], "ix": 1 },
              "s": { "a": 0, "k": [100, 100], "ix": 3 },
              "r": { "a": 0, "k": 0, "ix": 6 },
              "o": { "a": 0, "k": 100, "ix": 7 },
              "sk": { "a": 0, "k": 0, "ix": 4 },
              "sa": { "a": 0, "k": 0, "ix": 5 },
              "nm": "Transform"
            }
          ],
          "nm": "Group 4",
          "np": 2,
          "cix": 2,
          "bm": 0,
          "ix": 4,
          "mn": "ADBE Vector Group",
          "hd": false
        },
        {
          "ty": "gr",
          "it": [
            {
              "ind": 0,
              "ty": "sh",
              "ix": 1,
              "ks": {
                "a": 0,
                "k": {
                  "i": [
                    [-1.657, 0],
                    [0, 0],
                    [0, -1.657],
                    [1.656, 0],
                    [0, 0],
                    [0, 1.656]
                  ],
                  "o": [
                    [0, 0],
                    [1.656, 0],
                    [0, 1.656],
                    [0, 0],
                    [-1.657, 0],
                    [0, -1.657]
                  ],
                  "v": [
                    [-7.5, -3],
                    [7.5, -3],
                    [10.5, 0],
                    [7.5, 3],
                    [-7.5, 3],
                    [-10.5, 0]
                  ],
                  "c": true
                },
                "ix": 2
              },
              "nm": "Path 1",
              "mn": "ADBE Vector Shape - Group",
              "hd": false
            },
            {
              "ty": "fl",
              "c": {
                "a": 0,
                "k": [
                  0.6784313725490196, 0.6784313725490196, 0.6784313725490196, 1
                ],
                "ix": 4
              },
              "o": { "a": 0, "k": 100, "ix": 5 },
              "r": 1,
              "bm": 0,
              "nm": "Fill 1",
              "mn": "ADBE Vector Graphic - Fill",
              "hd": false
            },
            {
              "ty": "tr",
              "p": { "a": 0, "k": [280.75, 3.25], "ix": 2 },
              "a": { "a": 0, "k": [0, 0], "ix": 1 },
              "s": { "a": 0, "k": [100, 100], "ix": 3 },
              "r": { "a": 0, "k": 0, "ix": 6 },
              "o": { "a": 0, "k": 100, "ix": 7 },
              "sk": { "a": 0, "k": 0, "ix": 4 },
              "sa": { "a": 0, "k": 0, "ix": 5 },
              "nm": "Transform"
            }
          ],
          "nm": "Group 5",
          "np": 2,
          "cix": 2,
          "bm": 0,
          "ix": 5,
          "mn": "ADBE Vector Group",
          "hd": false
        },
        {
          "ty": "gr",
          "it": [
            {
              "ind": 0,
              "ty": "sh",
              "ix": 1,
              "ks": {
                "a": 0,
                "k": {
                  "i": [
                    [-1.657, 0],
                    [0, 0],
                    [0, -1.657],
                    [1.656, 0],
                    [0, 0],
                    [0, 1.656]
                  ],
                  "o": [
                    [0, 0],
                    [1.656, 0],
                    [0, 1.656],
                    [0, 0],
                    [-1.657, 0],
                    [0, -1.657]
                  ],
                  "v": [
                    [-7.5, -3],
                    [7.5, -3],
                    [10.5, 0],
                    [7.5, 3],
                    [-7.5, 3],
                    [-10.5, 0]
                  ],
                  "c": true
                },
                "ix": 2
              },
              "nm": "Path 1",
              "mn": "ADBE Vector Shape - Group",
              "hd": false
            },
            {
              "ty": "fl",
              "c": {
                "a": 0,
                "k": [
                  0.6784313725490196, 0.6784313725490196, 0.6784313725490196, 1
                ],
                "ix": 4
              },
              "o": { "a": 0, "k": 100, "ix": 5 },
              "r": 1,
              "bm": 0,
              "nm": "Fill 1",
              "mn": "ADBE Vector Graphic - Fill",
              "hd": false
            },
            {
              "ty": "tr",
              "p": { "a": 0, "k": [250.75, 3.25], "ix": 2 },
              "a": { "a": 0, "k": [0, 0], "ix": 1 },
              "s": { "a": 0, "k": [100, 100], "ix": 3 },
              "r": { "a": 0, "k": 0, "ix": 6 },
              "o": { "a": 0, "k": 100, "ix": 7 },
              "sk": { "a": 0, "k": 0, "ix": 4 },
              "sa": { "a": 0, "k": 0, "ix": 5 },
              "nm": "Transform"
            }
          ],
          "nm": "Group 6",
          "np": 2,
          "cix": 2,
          "bm": 0,
          "ix": 6,
          "mn": "ADBE Vector Group",
          "hd": false
        },
        {
          "ty": "gr",
          "it": [
            {
              "ind": 0,
              "ty": "sh",
              "ix": 1,
              "ks": {
                "a": 0,
                "k": {
                  "i": [
                    [-1.657, 0],
                    [0, 0],
                    [0, -1.657],
                    [1.657, 0],
                    [0, 0],
                    [0, 1.656]
                  ],
                  "o": [
                    [0, 0],
                    [1.657, 0],
                    [0, 1.656],
                    [0, 0],
                    [-1.657, 0],
                    [0, -1.657]
                  ],
                  "v": [
                    [-7.5, -3],
                    [7.5, -3],
                    [10.5, 0],
                    [7.5, 3],
                    [-7.5, 3],
                    [-10.5, 0]
                  ],
                  "c": true
                },
                "ix": 2
              },
              "nm": "Path 1",
              "mn": "ADBE Vector Shape - Group",
              "hd": false
            },
            {
              "ty": "fl",
              "c": {
                "a": 0,
                "k": [
                  0.6784313725490196, 0.6784313725490196, 0.6784313725490196, 1
                ],
                "ix": 4
              },
              "o": { "a": 0, "k": 100, "ix": 5 },
              "r": 1,
              "bm": 0,
              "nm": "Fill 1",
              "mn": "ADBE Vector Graphic - Fill",
              "hd": false
            },
            {
              "ty": "tr",
              "p": { "a": 0, "k": [220.75, 3.25], "ix": 2 },
              "a": { "a": 0, "k": [0, 0], "ix": 1 },
              "s": { "a": 0, "k": [100, 100], "ix": 3 },
              "r": { "a": 0, "k": 0, "ix": 6 },
              "o": { "a": 0, "k": 100, "ix": 7 },
              "sk": { "a": 0, "k": 0, "ix": 4 },
              "sa": { "a": 0, "k": 0, "ix": 5 },
              "nm": "Transform"
            }
          ],
          "nm": "Group 7",
          "np": 2,
          "cix": 2,
          "bm": 0,
          "ix": 7,
          "mn": "ADBE Vector Group",
          "hd": false
        },
        {
          "ty": "gr",
          "it": [
            {
              "ind": 0,
              "ty": "sh",
              "ix": 1,
              "ks": {
                "a": 0,
                "k": {
                  "i": [
                    [-1.657, 0],
                    [0, 0],
                    [0, -1.657],
                    [1.657, 0],
                    [0, 0],
                    [0, 1.656]
                  ],
                  "o": [
                    [0, 0],
                    [1.657, 0],
                    [0, 1.656],
                    [0, 0],
                    [-1.657, 0],
                    [0, -1.657]
                  ],
                  "v": [
                    [-7.5, -3],
                    [7.5, -3],
                    [10.5, 0],
                    [7.5, 3],
                    [-7.5, 3],
                    [-10.5, 0]
                  ],
                  "c": true
                },
                "ix": 2
              },
              "nm": "Path 1",
              "mn": "ADBE Vector Shape - Group",
              "hd": false
            },
            {
              "ty": "fl",
              "c": {
                "a": 0,
                "k": [
                  0.6784313725490196, 0.6784313725490196, 0.6784313725490196, 1
                ],
                "ix": 4
              },
              "o": { "a": 0, "k": 100, "ix": 5 },
              "r": 1,
              "bm": 0,
              "nm": "Fill 1",
              "mn": "ADBE Vector Graphic - Fill",
              "hd": false
            },
            {
              "ty": "tr",
              "p": { "a": 0, "k": [190.75, 3.25], "ix": 2 },
              "a": { "a": 0, "k": [0, 0], "ix": 1 },
              "s": { "a": 0, "k": [100, 100], "ix": 3 },
              "r": { "a": 0, "k": 0, "ix": 6 },
              "o": { "a": 0, "k": 100, "ix": 7 },
              "sk": { "a": 0, "k": 0, "ix": 4 },
              "sa": { "a": 0, "k": 0, "ix": 5 },
              "nm": "Transform"
            }
          ],
          "nm": "Group 8",
          "np": 2,
          "cix": 2,
          "bm": 0,
          "ix": 8,
          "mn": "ADBE Vector Group",
          "hd": false
        },
        {
          "ty": "gr",
          "it": [
            {
              "ind": 0,
              "ty": "sh",
              "ix": 1,
              "ks": {
                "a": 0,
                "k": {
                  "i": [
                    [-1.657, 0],
                    [0, 0],
                    [0, -1.657],
                    [1.657, 0],
                    [0, 0],
                    [0, 1.656]
                  ],
                  "o": [
                    [0, 0],
                    [1.657, 0],
                    [0, 1.656],
                    [0, 0],
                    [-1.657, 0],
                    [0, -1.657]
                  ],
                  "v": [
                    [-7.5, -3],
                    [7.5, -3],
                    [10.5, 0],
                    [7.5, 3],
                    [-7.5, 3],
                    [-10.5, 0]
                  ],
                  "c": true
                },
                "ix": 2
              },
              "nm": "Path 1",
              "mn": "ADBE Vector Shape - Group",
              "hd": false
            },
            {
              "ty": "fl",
              "c": {
                "a": 0,
                "k": [
                  0.6784313725490196, 0.6784313725490196, 0.6784313725490196, 1
                ],
                "ix": 4
              },
              "o": { "a": 0, "k": 100, "ix": 5 },
              "r": 1,
              "bm": 0,
              "nm": "Fill 1",
              "mn": "ADBE Vector Graphic - Fill",
              "hd": false
            },
            {
              "ty": "tr",
              "p": { "a": 0, "k": [160.75, 3.25], "ix": 2 },
              "a": { "a": 0, "k": [0, 0], "ix": 1 },
              "s": { "a": 0, "k": [100, 100], "ix": 3 },
              "r": { "a": 0, "k": 0, "ix": 6 },
              "o": { "a": 0, "k": 100, "ix": 7 },
              "sk": { "a": 0, "k": 0, "ix": 4 },
              "sa": { "a": 0, "k": 0, "ix": 5 },
              "nm": "Transform"
            }
          ],
          "nm": "Group 9",
          "np": 2,
          "cix": 2,
          "bm": 0,
          "ix": 9,
          "mn": "ADBE Vector Group",
          "hd": false
        },
        {
          "ty": "gr",
          "it": [
            {
              "ind": 0,
              "ty": "sh",
              "ix": 1,
              "ks": {
                "a": 0,
                "k": {
                  "i": [
                    [-1.657, 0],
                    [0, 0],
                    [0, -1.657],
                    [1.657, 0],
                    [0, 0],
                    [0, 1.656]
                  ],
                  "o": [
                    [0, 0],
                    [1.657, 0],
                    [0, 1.656],
                    [0, 0],
                    [-1.657, 0],
                    [0, -1.657]
                  ],
                  "v": [
                    [-7.5, -3],
                    [7.5, -3],
                    [10.5, 0],
                    [7.5, 3],
                    [-7.5, 3],
                    [-10.5, 0]
                  ],
                  "c": true
                },
                "ix": 2
              },
              "nm": "Path 1",
              "mn": "ADBE Vector Shape - Group",
              "hd": false
            },
            {
              "ty": "fl",
              "c": {
                "a": 0,
                "k": [
                  0.6784313725490196, 0.6784313725490196, 0.6784313725490196, 1
                ],
                "ix": 4
              },
              "o": { "a": 0, "k": 100, "ix": 5 },
              "r": 1,
              "bm": 0,
              "nm": "Fill 1",
              "mn": "ADBE Vector Graphic - Fill",
              "hd": false
            },
            {
              "ty": "tr",
              "p": { "a": 0, "k": [130.75, 3.25], "ix": 2 },
              "a": { "a": 0, "k": [0, 0], "ix": 1 },
              "s": { "a": 0, "k": [100, 100], "ix": 3 },
              "r": { "a": 0, "k": 0, "ix": 6 },
              "o": { "a": 0, "k": 100, "ix": 7 },
              "sk": { "a": 0, "k": 0, "ix": 4 },
              "sa": { "a": 0, "k": 0, "ix": 5 },
              "nm": "Transform"
            }
          ],
          "nm": "Group 10",
          "np": 2,
          "cix": 2,
          "bm": 0,
          "ix": 10,
          "mn": "ADBE Vector Group",
          "hd": false
        },
        {
          "ty": "gr",
          "it": [
            {
              "ind": 0,
              "ty": "sh",
              "ix": 1,
              "ks": {
                "a": 0,
                "k": {
                  "i": [
                    [-1.657, 0],
                    [0, 0],
                    [0, -1.657],
                    [1.657, 0],
                    [0, 0],
                    [0, 1.656]
                  ],
                  "o": [
                    [0, 0],
                    [1.657, 0],
                    [0, 1.656],
                    [0, 0],
                    [-1.657, 0],
                    [0, -1.657]
                  ],
                  "v": [
                    [-7.5, -3],
                    [7.5, -3],
                    [10.5, 0],
                    [7.5, 3],
                    [-7.5, 3],
                    [-10.5, 0]
                  ],
                  "c": true
                },
                "ix": 2
              },
              "nm": "Path 1",
              "mn": "ADBE Vector Shape - Group",
              "hd": false
            },
            {
              "ty": "fl",
              "c": {
                "a": 0,
                "k": [
                  0.6784313725490196, 0.6784313725490196, 0.6784313725490196, 1
                ],
                "ix": 4
              },
              "o": { "a": 0, "k": 100, "ix": 5 },
              "r": 1,
              "bm": 0,
              "nm": "Fill 1",
              "mn": "ADBE Vector Graphic - Fill",
              "hd": false
            },
            {
              "ty": "tr",
              "p": { "a": 0, "k": [100.75, 3.25], "ix": 2 },
              "a": { "a": 0, "k": [0, 0], "ix": 1 },
              "s": { "a": 0, "k": [100, 100], "ix": 3 },
              "r": { "a": 0, "k": 0, "ix": 6 },
              "o": { "a": 0, "k": 100, "ix": 7 },
              "sk": { "a": 0, "k": 0, "ix": 4 },
              "sa": { "a": 0, "k": 0, "ix": 5 },
              "nm": "Transform"
            }
          ],
          "nm": "Group 11",
          "np": 2,
          "cix": 2,
          "bm": 0,
          "ix": 11,
          "mn": "ADBE Vector Group",
          "hd": false
        },
        {
          "ty": "gr",
          "it": [
            {
              "ind": 0,
              "ty": "sh",
              "ix": 1,
              "ks": {
                "a": 0,
                "k": {
                  "i": [
                    [-1.657, 0],
                    [0, 0],
                    [0, -1.657],
                    [1.657, 0],
                    [0, 0],
                    [0, 1.656]
                  ],
                  "o": [
                    [0, 0],
                    [1.657, 0],
                    [0, 1.656],
                    [0, 0],
                    [-1.657, 0],
                    [0, -1.657]
                  ],
                  "v": [
                    [-7.5, -3],
                    [7.5, -3],
                    [10.5, 0],
                    [7.5, 3],
                    [-7.5, 3],
                    [-10.5, 0]
                  ],
                  "c": true
                },
                "ix": 2
              },
              "nm": "Path 1",
              "mn": "ADBE Vector Shape - Group",
              "hd": false
            },
            {
              "ty": "fl",
              "c": {
                "a": 0,
                "k": [
                  0.6784313725490196, 0.6784313725490196, 0.6784313725490196, 1
                ],
                "ix": 4
              },
              "o": { "a": 0, "k": 100, "ix": 5 },
              "r": 1,
              "bm": 0,
              "nm": "Fill 1",
              "mn": "ADBE Vector Graphic - Fill",
              "hd": false
            },
            {
              "ty": "tr",
              "p": { "a": 0, "k": [70.75, 3.25], "ix": 2 },
              "a": { "a": 0, "k": [0, 0], "ix": 1 },
              "s": { "a": 0, "k": [100, 100], "ix": 3 },
              "r": { "a": 0, "k": 0, "ix": 6 },
              "o": { "a": 0, "k": 100, "ix": 7 },
              "sk": { "a": 0, "k": 0, "ix": 4 },
              "sa": { "a": 0, "k": 0, "ix": 5 },
              "nm": "Transform"
            }
          ],
          "nm": "Group 12",
          "np": 2,
          "cix": 2,
          "bm": 0,
          "ix": 12,
          "mn": "ADBE Vector Group",
          "hd": false
        },
        {
          "ty": "gr",
          "it": [
            {
              "ind": 0,
              "ty": "sh",
              "ix": 1,
              "ks": {
                "a": 0,
                "k": {
                  "i": [
                    [-1.657, 0],
                    [0, 0],
                    [0, -1.657],
                    [1.657, 0],
                    [0, 0],
                    [0, 1.656]
                  ],
                  "o": [
                    [0, 0],
                    [1.657, 0],
                    [0, 1.656],
                    [0, 0],
                    [-1.657, 0],
                    [0, -1.657]
                  ],
                  "v": [
                    [-7.5, -3],
                    [7.5, -3],
                    [10.5, 0],
                    [7.5, 3],
                    [-7.5, 3],
                    [-10.5, 0]
                  ],
                  "c": true
                },
                "ix": 2
              },
              "nm": "Path 1",
              "mn": "ADBE Vector Shape - Group",
              "hd": false
            },
            {
              "ty": "fl",
              "c": {
                "a": 0,
                "k": [
                  0.6784313725490196, 0.6784313725490196, 0.6784313725490196, 1
                ],
                "ix": 4
              },
              "o": { "a": 0, "k": 100, "ix": 5 },
              "r": 1,
              "bm": 0,
              "nm": "Fill 1",
              "mn": "ADBE Vector Graphic - Fill",
              "hd": false
            },
            {
              "ty": "tr",
              "p": { "a": 0, "k": [40.75, 3.25], "ix": 2 },
              "a": { "a": 0, "k": [0, 0], "ix": 1 },
              "s": { "a": 0, "k": [100, 100], "ix": 3 },
              "r": { "a": 0, "k": 0, "ix": 6 },
              "o": { "a": 0, "k": 100, "ix": 7 },
              "sk": { "a": 0, "k": 0, "ix": 4 },
              "sa": { "a": 0, "k": 0, "ix": 5 },
              "nm": "Transform"
            }
          ],
          "nm": "Group 13",
          "np": 2,
          "cix": 2,
          "bm": 0,
          "ix": 13,
          "mn": "ADBE Vector Group",
          "hd": false
        },
        {
          "ty": "gr",
          "it": [
            {
              "ind": 0,
              "ty": "sh",
              "ix": 1,
              "ks": {
                "a": 0,
                "k": {
                  "i": [
                    [-1.657, 0],
                    [0, 0],
                    [0, -1.657],
                    [1.657, 0],
                    [0, 0],
                    [0, 1.656]
                  ],
                  "o": [
                    [0, 0],
                    [1.657, 0],
                    [0, 1.656],
                    [0, 0],
                    [-1.657, 0],
                    [0, -1.657]
                  ],
                  "v": [
                    [-7.5, -3],
                    [7.5, -3],
                    [10.5, 0],
                    [7.5, 3],
                    [-7.5, 3],
                    [-10.5, 0]
                  ],
                  "c": true
                },
                "ix": 2
              },
              "nm": "Path 1",
              "mn": "ADBE Vector Shape - Group",
              "hd": false
            },
            {
              "ty": "fl",
              "c": {
                "a": 0,
                "k": [
                  0.6784313725490196, 0.6784313725490196, 0.6784313725490196, 1
                ],
                "ix": 4
              },
              "o": { "a": 0, "k": 100, "ix": 5 },
              "r": 1,
              "bm": 0,
              "nm": "Fill 1",
              "mn": "ADBE Vector Graphic - Fill",
              "hd": false
            },
            {
              "ty": "tr",
              "p": { "a": 0, "k": [10.75, 3.25], "ix": 2 },
              "a": { "a": 0, "k": [0, 0], "ix": 1 },
              "s": { "a": 0, "k": [100, 100], "ix": 3 },
              "r": { "a": 0, "k": 0, "ix": 6 },
              "o": { "a": 0, "k": 100, "ix": 7 },
              "sk": { "a": 0, "k": 0, "ix": 4 },
              "sa": { "a": 0, "k": 0, "ix": 5 },
              "nm": "Transform"
            }
          ],
          "nm": "Group 14",
          "np": 2,
          "cix": 2,
          "bm": 0,
          "ix": 14,
          "mn": "ADBE Vector Group",
          "hd": false
        }
      ],
      "ip": 0,
      "op": 108,
      "st": 0,
      "bm": 0
    },
    {
      "ddd": 0,
      "ind": 4,
      "ty": 4,
      "nm": "Shape Layer 1",
      "tt": 1,
      "sr": 1,
      "ks": {
        "o": { "a": 0, "k": 100, "ix": 11 },
        "r": { "a": 0, "k": 0, "ix": 10 },
        "p": {
          "s": true,
          "x": {
            "a": 1,
            "k": [
              {
                "i": { "x": [0.34], "y": [1] },
                "o": { "x": [0.26], "y": [0] },
                "t": 0,
                "s": [141.465]
              },
              {
                "i": { "x": [0.34], "y": [1] },
                "o": { "x": [0.26], "y": [0] },
                "t": 36,
                "s": [683.465]
              },
              {
                "i": { "x": [0.34], "y": [1] },
                "o": { "x": [0.26], "y": [0] },
                "t": 37,
                "s": [141.465]
              },
              { "t": 73, "s": [683.465] }
            ],
            "ix": 3
          },
          "y": { "a": 0, "k": 48.4, "ix": 4 }
        },
        "a": { "a": 0, "k": [-125.535, -3.6, 0], "ix": 1 },
        "s": { "a": 0, "k": [14.105, 39.614, 100], "ix": 6 }
      },
      "ao": 0,
      "shapes": [
        {
          "ty": "gr",
          "it": [
            {
              "ty": "rc",
              "d": 1,
              "s": { "a": 0, "k": [190.93, 82.801], "ix": 2 },
              "p": { "a": 0, "k": [0, 0], "ix": 3 },
              "r": { "a": 0, "k": 0, "ix": 4 },
              "nm": "Rectangle Path 1",
              "mn": "ADBE Vector Shape - Rect",
              "hd": false
            },
            {
              "ty": "fl",
              "c": {
                "a": 0,
                "k": [
                  0.8431372549019608, 0.8431372549019608, 0.8431372549019608, 1
                ],
                "ix": 4
              },
              "o": { "a": 0, "k": 100, "ix": 5 },
              "r": 1,
              "bm": 0,
              "nm": "Fill 1",
              "mn": "ADBE Vector Graphic - Fill",
              "hd": false
            },
            {
              "ty": "tr",
              "p": { "a": 0, "k": [-765.035, -3.6], "ix": 2 },
              "a": { "a": 0, "k": [0, 0], "ix": 1 },
              "s": { "a": 0, "k": [110.538, 100], "ix": 3 },
              "r": { "a": 0, "k": 0, "ix": 6 },
              "o": { "a": 0, "k": 100, "ix": 7 },
              "sk": { "a": 0, "k": 0, "ix": 4 },
              "sa": { "a": 0, "k": 0, "ix": 5 },
              "nm": "Transform"
            }
          ],
          "nm": "Rectangle 4",
          "np": 3,
          "cix": 2,
          "bm": 0,
          "ix": 1,
          "mn": "ADBE Vector Group",
          "hd": false
        },
        {
          "ty": "gr",
          "it": [
            {
              "ty": "rc",
              "d": 1,
              "s": { "a": 0, "k": [190.93, 82.801], "ix": 2 },
              "p": { "a": 0, "k": [0, 0], "ix": 3 },
              "r": { "a": 0, "k": 0, "ix": 4 },
              "nm": "Rectangle Path 1",
              "mn": "ADBE Vector Shape - Rect",
              "hd": false
            },
            {
              "ty": "fl",
              "c": {
                "a": 0,
                "k": [
                  0.6431372549019608, 0.6431372549019608, 0.6431372549019608, 1
                ],
                "ix": 4
              },
              "o": { "a": 0, "k": 100, "ix": 5 },
              "r": 1,
              "bm": 0,
              "nm": "Fill 1",
              "mn": "ADBE Vector Graphic - Fill",
              "hd": false
            },
            {
              "ty": "tr",
              "p": { "a": 0, "k": [-550.035, -3.6], "ix": 2 },
              "a": { "a": 0, "k": [0, 0], "ix": 1 },
              "s": { "a": 0, "k": [114.837, 100], "ix": 3 },
              "r": { "a": 0, "k": 0, "ix": 6 },
              "o": { "a": 0, "k": 100, "ix": 7 },
              "sk": { "a": 0, "k": 0, "ix": 4 },
              "sa": { "a": 0, "k": 0, "ix": 5 },
              "nm": "Transform"
            }
          ],
          "nm": "Rectangle 3",
          "np": 3,
          "cix": 2,
          "bm": 0,
          "ix": 2,
          "mn": "ADBE Vector Group",
          "hd": false
        },
        {
          "ty": "gr",
          "it": [
            {
              "ty": "rc",
              "d": 1,
              "s": { "a": 0, "k": [190.93, 82.801], "ix": 2 },
              "p": { "a": 0, "k": [0, 0], "ix": 3 },
              "r": { "a": 0, "k": 0, "ix": 4 },
              "nm": "Rectangle Path 1",
              "mn": "ADBE Vector Shape - Rect",
              "hd": false
            },
            {
              "ty": "fl",
              "c": {
                "a": 0,
                "k": [
                  0.5372549019607843, 0.5372549019607843, 0.5372549019607843, 1
                ],
                "ix": 4
              },
              "o": { "a": 0, "k": 100, "ix": 5 },
              "r": 1,
              "bm": 0,
              "nm": "Fill 1",
              "mn": "ADBE Vector Graphic - Fill",
              "hd": false
            },
            {
              "ty": "tr",
              "p": { "a": 0, "k": [-335.535, -3.6], "ix": 2 },
              "a": { "a": 0, "k": [0, 0], "ix": 1 },
              "s": { "a": 0, "k": [110.435, 100], "ix": 3 },
              "r": { "a": 0, "k": 0, "ix": 6 },
              "o": { "a": 0, "k": 100, "ix": 7 },
              "sk": { "a": 0, "k": 0, "ix": 4 },
              "sa": { "a": 0, "k": 0, "ix": 5 },
              "nm": "Transform"
            }
          ],
          "nm": "Rectangle 2",
          "np": 3,
          "cix": 2,
          "bm": 0,
          "ix": 3,
          "mn": "ADBE Vector Group",
          "hd": false
        },
        {
          "ty": "gr",
          "it": [
            {
              "ty": "rc",
              "d": 1,
              "s": { "a": 0, "k": [190.93, 82.801], "ix": 2 },
              "p": { "a": 0, "k": [0, 0], "ix": 3 },
              "r": { "a": 0, "k": 0, "ix": 4 },
              "nm": "Rectangle Path 1",
              "mn": "ADBE Vector Shape - Rect",
              "hd": false
            },
            {
              "ty": "fl",
              "c": {
                "a": 0,
                "k": [
                  0.4588235294117647, 0.4588235294117647, 0.4588235294117647, 1
                ],
                "ix": 4
              },
              "o": { "a": 0, "k": 100, "ix": 5 },
              "r": 1,
              "bm": 0,
              "nm": "Fill 1",
              "mn": "ADBE Vector Graphic - Fill",
              "hd": false
            },
            {
              "ty": "tr",
              "p": { "a": 0, "k": [-125.535, -3.6], "ix": 2 },
              "a": { "a": 0, "k": [0, 0], "ix": 1 },
              "s": { "a": 0, "k": [113.221, 100], "ix": 3 },
              "r": { "a": 0, "k": 0, "ix": 6 },
              "o": { "a": 0, "k": 100, "ix": 7 },
              "sk": { "a": 0, "k": 0, "ix": 4 },
              "sa": { "a": 0, "k": 0, "ix": 5 },
              "nm": "Transform"
            }
          ],
          "nm": "Rectangle 1",
          "np": 3,
          "cix": 2,
          "bm": 0,
          "ix": 4,
          "mn": "ADBE Vector Group",
          "hd": false
        }
      ],
      "ip": 0,
      "op": 108,
      "st": 0,
      "bm": 0
    },
    {
      "ddd": 0,
      "ind": 5,
      "ty": 4,
      "nm": "lines Outlines",
      "sr": 1,
      "ks": {
        "o": { "a": 0, "k": 100, "ix": 11 },
        "r": { "a": 0, "k": 0, "ix": 10 },
        "p": { "a": 0, "k": [367.221, 50.457, 0], "ix": 2 },
        "a": { "a": 0, "k": [205.75, 3.25, 0], "ix": 1 },
        "s": { "a": 0, "k": [100, 100, 100], "ix": 6 }
      },
      "ao": 0,
      "shapes": [
        {
          "ty": "gr",
          "it": [
            {
              "ind": 0,
              "ty": "sh",
              "ix": 1,
              "ks": {
                "a": 0,
                "k": {
                  "i": [
                    [-1.657, 0],
                    [0, 0],
                    [0, -1.657],
                    [1.656, 0],
                    [0, 0],
                    [0, 1.656]
                  ],
                  "o": [
                    [0, 0],
                    [1.656, 0],
                    [0, 1.656],
                    [0, 0],
                    [-1.657, 0],
                    [0, -1.657]
                  ],
                  "v": [
                    [-7.5, -3],
                    [7.5, -3],
                    [10.5, 0],
                    [7.5, 3],
                    [-7.5, 3],
                    [-10.5, 0]
                  ],
                  "c": true
                },
                "ix": 2
              },
              "nm": "Path 1",
              "mn": "ADBE Vector Shape - Group",
              "hd": false
            },
            {
              "ty": "fl",
              "c": {
                "a": 0,
                "k": [
                  0.6784313725490196, 0.6784313725490196, 0.6784313725490196, 1
                ],
                "ix": 4
              },
              "o": { "a": 0, "k": 100, "ix": 5 },
              "r": 1,
              "bm": 0,
              "nm": "Fill 1",
              "mn": "ADBE Vector Graphic - Fill",
              "hd": false
            },
            {
              "ty": "tr",
              "p": { "a": 0, "k": [400.75, 3.25], "ix": 2 },
              "a": { "a": 0, "k": [0, 0], "ix": 1 },
              "s": { "a": 0, "k": [100, 100], "ix": 3 },
              "r": { "a": 0, "k": 0, "ix": 6 },
              "o": { "a": 0, "k": 100, "ix": 7 },
              "sk": { "a": 0, "k": 0, "ix": 4 },
              "sa": { "a": 0, "k": 0, "ix": 5 },
              "nm": "Transform"
            }
          ],
          "nm": "Group 1",
          "np": 2,
          "cix": 2,
          "bm": 0,
          "ix": 1,
          "mn": "ADBE Vector Group",
          "hd": false
        },
        {
          "ty": "gr",
          "it": [
            {
              "ind": 0,
              "ty": "sh",
              "ix": 1,
              "ks": {
                "a": 0,
                "k": {
                  "i": [
                    [-1.657, 0],
                    [0, 0],
                    [0, -1.657],
                    [1.656, 0],
                    [0, 0],
                    [0, 1.656]
                  ],
                  "o": [
                    [0, 0],
                    [1.656, 0],
                    [0, 1.656],
                    [0, 0],
                    [-1.657, 0],
                    [0, -1.657]
                  ],
                  "v": [
                    [-7.5, -3],
                    [7.5, -3],
                    [10.5, 0],
                    [7.5, 3],
                    [-7.5, 3],
                    [-10.5, 0]
                  ],
                  "c": true
                },
                "ix": 2
              },
              "nm": "Path 1",
              "mn": "ADBE Vector Shape - Group",
              "hd": false
            },
            {
              "ty": "fl",
              "c": {
                "a": 0,
                "k": [
                  0.6784313725490196, 0.6784313725490196, 0.6784313725490196, 1
                ],
                "ix": 4
              },
              "o": { "a": 0, "k": 100, "ix": 5 },
              "r": 1,
              "bm": 0,
              "nm": "Fill 1",
              "mn": "ADBE Vector Graphic - Fill",
              "hd": false
            },
            {
              "ty": "tr",
              "p": { "a": 0, "k": [370.75, 3.25], "ix": 2 },
              "a": { "a": 0, "k": [0, 0], "ix": 1 },
              "s": { "a": 0, "k": [100, 100], "ix": 3 },
              "r": { "a": 0, "k": 0, "ix": 6 },
              "o": { "a": 0, "k": 100, "ix": 7 },
              "sk": { "a": 0, "k": 0, "ix": 4 },
              "sa": { "a": 0, "k": 0, "ix": 5 },
              "nm": "Transform"
            }
          ],
          "nm": "Group 2",
          "np": 2,
          "cix": 2,
          "bm": 0,
          "ix": 2,
          "mn": "ADBE Vector Group",
          "hd": false
        },
        {
          "ty": "gr",
          "it": [
            {
              "ind": 0,
              "ty": "sh",
              "ix": 1,
              "ks": {
                "a": 0,
                "k": {
                  "i": [
                    [-1.657, 0],
                    [0, 0],
                    [0, -1.657],
                    [1.656, 0],
                    [0, 0],
                    [0, 1.656]
                  ],
                  "o": [
                    [0, 0],
                    [1.656, 0],
                    [0, 1.656],
                    [0, 0],
                    [-1.657, 0],
                    [0, -1.657]
                  ],
                  "v": [
                    [-7.5, -3],
                    [7.5, -3],
                    [10.5, 0],
                    [7.5, 3],
                    [-7.5, 3],
                    [-10.5, 0]
                  ],
                  "c": true
                },
                "ix": 2
              },
              "nm": "Path 1",
              "mn": "ADBE Vector Shape - Group",
              "hd": false
            },
            {
              "ty": "fl",
              "c": {
                "a": 0,
                "k": [
                  0.6784313725490196, 0.6784313725490196, 0.6784313725490196, 1
                ],
                "ix": 4
              },
              "o": { "a": 0, "k": 100, "ix": 5 },
              "r": 1,
              "bm": 0,
              "nm": "Fill 1",
              "mn": "ADBE Vector Graphic - Fill",
              "hd": false
            },
            {
              "ty": "tr",
              "p": { "a": 0, "k": [340.75, 3.25], "ix": 2 },
              "a": { "a": 0, "k": [0, 0], "ix": 1 },
              "s": { "a": 0, "k": [100, 100], "ix": 3 },
              "r": { "a": 0, "k": 0, "ix": 6 },
              "o": { "a": 0, "k": 100, "ix": 7 },
              "sk": { "a": 0, "k": 0, "ix": 4 },
              "sa": { "a": 0, "k": 0, "ix": 5 },
              "nm": "Transform"
            }
          ],
          "nm": "Group 3",
          "np": 2,
          "cix": 2,
          "bm": 0,
          "ix": 3,
          "mn": "ADBE Vector Group",
          "hd": false
        },
        {
          "ty": "gr",
          "it": [
            {
              "ind": 0,
              "ty": "sh",
              "ix": 1,
              "ks": {
                "a": 0,
                "k": {
                  "i": [
                    [-1.657, 0],
                    [0, 0],
                    [0, -1.657],
                    [1.656, 0],
                    [0, 0],
                    [0, 1.656]
                  ],
                  "o": [
                    [0, 0],
                    [1.656, 0],
                    [0, 1.656],
                    [0, 0],
                    [-1.657, 0],
                    [0, -1.657]
                  ],
                  "v": [
                    [-7.5, -3],
                    [7.5, -3],
                    [10.5, 0],
                    [7.5, 3],
                    [-7.5, 3],
                    [-10.5, 0]
                  ],
                  "c": true
                },
                "ix": 2
              },
              "nm": "Path 1",
              "mn": "ADBE Vector Shape - Group",
              "hd": false
            },
            {
              "ty": "fl",
              "c": {
                "a": 0,
                "k": [
                  0.6784313725490196, 0.6784313725490196, 0.6784313725490196, 1
                ],
                "ix": 4
              },
              "o": { "a": 0, "k": 100, "ix": 5 },
              "r": 1,
              "bm": 0,
              "nm": "Fill 1",
              "mn": "ADBE Vector Graphic - Fill",
              "hd": false
            },
            {
              "ty": "tr",
              "p": { "a": 0, "k": [310.75, 3.25], "ix": 2 },
              "a": { "a": 0, "k": [0, 0], "ix": 1 },
              "s": { "a": 0, "k": [100, 100], "ix": 3 },
              "r": { "a": 0, "k": 0, "ix": 6 },
              "o": { "a": 0, "k": 100, "ix": 7 },
              "sk": { "a": 0, "k": 0, "ix": 4 },
              "sa": { "a": 0, "k": 0, "ix": 5 },
              "nm": "Transform"
            }
          ],
          "nm": "Group 4",
          "np": 2,
          "cix": 2,
          "bm": 0,
          "ix": 4,
          "mn": "ADBE Vector Group",
          "hd": false
        },
        {
          "ty": "gr",
          "it": [
            {
              "ind": 0,
              "ty": "sh",
              "ix": 1,
              "ks": {
                "a": 0,
                "k": {
                  "i": [
                    [-1.657, 0],
                    [0, 0],
                    [0, -1.657],
                    [1.656, 0],
                    [0, 0],
                    [0, 1.656]
                  ],
                  "o": [
                    [0, 0],
                    [1.656, 0],
                    [0, 1.656],
                    [0, 0],
                    [-1.657, 0],
                    [0, -1.657]
                  ],
                  "v": [
                    [-7.5, -3],
                    [7.5, -3],
                    [10.5, 0],
                    [7.5, 3],
                    [-7.5, 3],
                    [-10.5, 0]
                  ],
                  "c": true
                },
                "ix": 2
              },
              "nm": "Path 1",
              "mn": "ADBE Vector Shape - Group",
              "hd": false
            },
            {
              "ty": "fl",
              "c": {
                "a": 0,
                "k": [
                  0.6784313725490196, 0.6784313725490196, 0.6784313725490196, 1
                ],
                "ix": 4
              },
              "o": { "a": 0, "k": 100, "ix": 5 },
              "r": 1,
              "bm": 0,
              "nm": "Fill 1",
              "mn": "ADBE Vector Graphic - Fill",
              "hd": false
            },
            {
              "ty": "tr",
              "p": { "a": 0, "k": [280.75, 3.25], "ix": 2 },
              "a": { "a": 0, "k": [0, 0], "ix": 1 },
              "s": { "a": 0, "k": [100, 100], "ix": 3 },
              "r": { "a": 0, "k": 0, "ix": 6 },
              "o": { "a": 0, "k": 100, "ix": 7 },
              "sk": { "a": 0, "k": 0, "ix": 4 },
              "sa": { "a": 0, "k": 0, "ix": 5 },
              "nm": "Transform"
            }
          ],
          "nm": "Group 5",
          "np": 2,
          "cix": 2,
          "bm": 0,
          "ix": 5,
          "mn": "ADBE Vector Group",
          "hd": false
        },
        {
          "ty": "gr",
          "it": [
            {
              "ind": 0,
              "ty": "sh",
              "ix": 1,
              "ks": {
                "a": 0,
                "k": {
                  "i": [
                    [-1.657, 0],
                    [0, 0],
                    [0, -1.657],
                    [1.656, 0],
                    [0, 0],
                    [0, 1.656]
                  ],
                  "o": [
                    [0, 0],
                    [1.656, 0],
                    [0, 1.656],
                    [0, 0],
                    [-1.657, 0],
                    [0, -1.657]
                  ],
                  "v": [
                    [-7.5, -3],
                    [7.5, -3],
                    [10.5, 0],
                    [7.5, 3],
                    [-7.5, 3],
                    [-10.5, 0]
                  ],
                  "c": true
                },
                "ix": 2
              },
              "nm": "Path 1",
              "mn": "ADBE Vector Shape - Group",
              "hd": false
            },
            {
              "ty": "fl",
              "c": {
                "a": 0,
                "k": [
                  0.6784313725490196, 0.6784313725490196, 0.6784313725490196, 1
                ],
                "ix": 4
              },
              "o": { "a": 0, "k": 100, "ix": 5 },
              "r": 1,
              "bm": 0,
              "nm": "Fill 1",
              "mn": "ADBE Vector Graphic - Fill",
              "hd": false
            },
            {
              "ty": "tr",
              "p": { "a": 0, "k": [250.75, 3.25], "ix": 2 },
              "a": { "a": 0, "k": [0, 0], "ix": 1 },
              "s": { "a": 0, "k": [100, 100], "ix": 3 },
              "r": { "a": 0, "k": 0, "ix": 6 },
              "o": { "a": 0, "k": 100, "ix": 7 },
              "sk": { "a": 0, "k": 0, "ix": 4 },
              "sa": { "a": 0, "k": 0, "ix": 5 },
              "nm": "Transform"
            }
          ],
          "nm": "Group 6",
          "np": 2,
          "cix": 2,
          "bm": 0,
          "ix": 6,
          "mn": "ADBE Vector Group",
          "hd": false
        },
        {
          "ty": "gr",
          "it": [
            {
              "ind": 0,
              "ty": "sh",
              "ix": 1,
              "ks": {
                "a": 0,
                "k": {
                  "i": [
                    [-1.657, 0],
                    [0, 0],
                    [0, -1.657],
                    [1.657, 0],
                    [0, 0],
                    [0, 1.656]
                  ],
                  "o": [
                    [0, 0],
                    [1.657, 0],
                    [0, 1.656],
                    [0, 0],
                    [-1.657, 0],
                    [0, -1.657]
                  ],
                  "v": [
                    [-7.5, -3],
                    [7.5, -3],
                    [10.5, 0],
                    [7.5, 3],
                    [-7.5, 3],
                    [-10.5, 0]
                  ],
                  "c": true
                },
                "ix": 2
              },
              "nm": "Path 1",
              "mn": "ADBE Vector Shape - Group",
              "hd": false
            },
            {
              "ty": "fl",
              "c": {
                "a": 0,
                "k": [
                  0.6784313725490196, 0.6784313725490196, 0.6784313725490196, 1
                ],
                "ix": 4
              },
              "o": { "a": 0, "k": 100, "ix": 5 },
              "r": 1,
              "bm": 0,
              "nm": "Fill 1",
              "mn": "ADBE Vector Graphic - Fill",
              "hd": false
            },
            {
              "ty": "tr",
              "p": { "a": 0, "k": [220.75, 3.25], "ix": 2 },
              "a": { "a": 0, "k": [0, 0], "ix": 1 },
              "s": { "a": 0, "k": [100, 100], "ix": 3 },
              "r": { "a": 0, "k": 0, "ix": 6 },
              "o": { "a": 0, "k": 100, "ix": 7 },
              "sk": { "a": 0, "k": 0, "ix": 4 },
              "sa": { "a": 0, "k": 0, "ix": 5 },
              "nm": "Transform"
            }
          ],
          "nm": "Group 7",
          "np": 2,
          "cix": 2,
          "bm": 0,
          "ix": 7,
          "mn": "ADBE Vector Group",
          "hd": false
        },
        {
          "ty": "gr",
          "it": [
            {
              "ind": 0,
              "ty": "sh",
              "ix": 1,
              "ks": {
                "a": 0,
                "k": {
                  "i": [
                    [-1.657, 0],
                    [0, 0],
                    [0, -1.657],
                    [1.657, 0],
                    [0, 0],
                    [0, 1.656]
                  ],
                  "o": [
                    [0, 0],
                    [1.657, 0],
                    [0, 1.656],
                    [0, 0],
                    [-1.657, 0],
                    [0, -1.657]
                  ],
                  "v": [
                    [-7.5, -3],
                    [7.5, -3],
                    [10.5, 0],
                    [7.5, 3],
                    [-7.5, 3],
                    [-10.5, 0]
                  ],
                  "c": true
                },
                "ix": 2
              },
              "nm": "Path 1",
              "mn": "ADBE Vector Shape - Group",
              "hd": false
            },
            {
              "ty": "fl",
              "c": {
                "a": 0,
                "k": [
                  0.6784313725490196, 0.6784313725490196, 0.6784313725490196, 1
                ],
                "ix": 4
              },
              "o": { "a": 0, "k": 100, "ix": 5 },
              "r": 1,
              "bm": 0,
              "nm": "Fill 1",
              "mn": "ADBE Vector Graphic - Fill",
              "hd": false
            },
            {
              "ty": "tr",
              "p": { "a": 0, "k": [190.75, 3.25], "ix": 2 },
              "a": { "a": 0, "k": [0, 0], "ix": 1 },
              "s": { "a": 0, "k": [100, 100], "ix": 3 },
              "r": { "a": 0, "k": 0, "ix": 6 },
              "o": { "a": 0, "k": 100, "ix": 7 },
              "sk": { "a": 0, "k": 0, "ix": 4 },
              "sa": { "a": 0, "k": 0, "ix": 5 },
              "nm": "Transform"
            }
          ],
          "nm": "Group 8",
          "np": 2,
          "cix": 2,
          "bm": 0,
          "ix": 8,
          "mn": "ADBE Vector Group",
          "hd": false
        },
        {
          "ty": "gr",
          "it": [
            {
              "ind": 0,
              "ty": "sh",
              "ix": 1,
              "ks": {
                "a": 0,
                "k": {
                  "i": [
                    [-1.657, 0],
                    [0, 0],
                    [0, -1.657],
                    [1.657, 0],
                    [0, 0],
                    [0, 1.656]
                  ],
                  "o": [
                    [0, 0],
                    [1.657, 0],
                    [0, 1.656],
                    [0, 0],
                    [-1.657, 0],
                    [0, -1.657]
                  ],
                  "v": [
                    [-7.5, -3],
                    [7.5, -3],
                    [10.5, 0],
                    [7.5, 3],
                    [-7.5, 3],
                    [-10.5, 0]
                  ],
                  "c": true
                },
                "ix": 2
              },
              "nm": "Path 1",
              "mn": "ADBE Vector Shape - Group",
              "hd": false
            },
            {
              "ty": "fl",
              "c": {
                "a": 0,
                "k": [
                  0.6784313725490196, 0.6784313725490196, 0.6784313725490196, 1
                ],
                "ix": 4
              },
              "o": { "a": 0, "k": 100, "ix": 5 },
              "r": 1,
              "bm": 0,
              "nm": "Fill 1",
              "mn": "ADBE Vector Graphic - Fill",
              "hd": false
            },
            {
              "ty": "tr",
              "p": { "a": 0, "k": [160.75, 3.25], "ix": 2 },
              "a": { "a": 0, "k": [0, 0], "ix": 1 },
              "s": { "a": 0, "k": [100, 100], "ix": 3 },
              "r": { "a": 0, "k": 0, "ix": 6 },
              "o": { "a": 0, "k": 100, "ix": 7 },
              "sk": { "a": 0, "k": 0, "ix": 4 },
              "sa": { "a": 0, "k": 0, "ix": 5 },
              "nm": "Transform"
            }
          ],
          "nm": "Group 9",
          "np": 2,
          "cix": 2,
          "bm": 0,
          "ix": 9,
          "mn": "ADBE Vector Group",
          "hd": false
        },
        {
          "ty": "gr",
          "it": [
            {
              "ind": 0,
              "ty": "sh",
              "ix": 1,
              "ks": {
                "a": 0,
                "k": {
                  "i": [
                    [-1.657, 0],
                    [0, 0],
                    [0, -1.657],
                    [1.657, 0],
                    [0, 0],
                    [0, 1.656]
                  ],
                  "o": [
                    [0, 0],
                    [1.657, 0],
                    [0, 1.656],
                    [0, 0],
                    [-1.657, 0],
                    [0, -1.657]
                  ],
                  "v": [
                    [-7.5, -3],
                    [7.5, -3],
                    [10.5, 0],
                    [7.5, 3],
                    [-7.5, 3],
                    [-10.5, 0]
                  ],
                  "c": true
                },
                "ix": 2
              },
              "nm": "Path 1",
              "mn": "ADBE Vector Shape - Group",
              "hd": false
            },
            {
              "ty": "fl",
              "c": {
                "a": 0,
                "k": [
                  0.6784313725490196, 0.6784313725490196, 0.6784313725490196, 1
                ],
                "ix": 4
              },
              "o": { "a": 0, "k": 100, "ix": 5 },
              "r": 1,
              "bm": 0,
              "nm": "Fill 1",
              "mn": "ADBE Vector Graphic - Fill",
              "hd": false
            },
            {
              "ty": "tr",
              "p": { "a": 0, "k": [130.75, 3.25], "ix": 2 },
              "a": { "a": 0, "k": [0, 0], "ix": 1 },
              "s": { "a": 0, "k": [100, 100], "ix": 3 },
              "r": { "a": 0, "k": 0, "ix": 6 },
              "o": { "a": 0, "k": 100, "ix": 7 },
              "sk": { "a": 0, "k": 0, "ix": 4 },
              "sa": { "a": 0, "k": 0, "ix": 5 },
              "nm": "Transform"
            }
          ],
          "nm": "Group 10",
          "np": 2,
          "cix": 2,
          "bm": 0,
          "ix": 10,
          "mn": "ADBE Vector Group",
          "hd": false
        },
        {
          "ty": "gr",
          "it": [
            {
              "ind": 0,
              "ty": "sh",
              "ix": 1,
              "ks": {
                "a": 0,
                "k": {
                  "i": [
                    [-1.657, 0],
                    [0, 0],
                    [0, -1.657],
                    [1.657, 0],
                    [0, 0],
                    [0, 1.656]
                  ],
                  "o": [
                    [0, 0],
                    [1.657, 0],
                    [0, 1.656],
                    [0, 0],
                    [-1.657, 0],
                    [0, -1.657]
                  ],
                  "v": [
                    [-7.5, -3],
                    [7.5, -3],
                    [10.5, 0],
                    [7.5, 3],
                    [-7.5, 3],
                    [-10.5, 0]
                  ],
                  "c": true
                },
                "ix": 2
              },
              "nm": "Path 1",
              "mn": "ADBE Vector Shape - Group",
              "hd": false
            },
            {
              "ty": "fl",
              "c": {
                "a": 0,
                "k": [
                  0.6784313725490196, 0.6784313725490196, 0.6784313725490196, 1
                ],
                "ix": 4
              },
              "o": { "a": 0, "k": 100, "ix": 5 },
              "r": 1,
              "bm": 0,
              "nm": "Fill 1",
              "mn": "ADBE Vector Graphic - Fill",
              "hd": false
            },
            {
              "ty": "tr",
              "p": { "a": 0, "k": [100.75, 3.25], "ix": 2 },
              "a": { "a": 0, "k": [0, 0], "ix": 1 },
              "s": { "a": 0, "k": [100, 100], "ix": 3 },
              "r": { "a": 0, "k": 0, "ix": 6 },
              "o": { "a": 0, "k": 100, "ix": 7 },
              "sk": { "a": 0, "k": 0, "ix": 4 },
              "sa": { "a": 0, "k": 0, "ix": 5 },
              "nm": "Transform"
            }
          ],
          "nm": "Group 11",
          "np": 2,
          "cix": 2,
          "bm": 0,
          "ix": 11,
          "mn": "ADBE Vector Group",
          "hd": false
        },
        {
          "ty": "gr",
          "it": [
            {
              "ind": 0,
              "ty": "sh",
              "ix": 1,
              "ks": {
                "a": 0,
                "k": {
                  "i": [
                    [-1.657, 0],
                    [0, 0],
                    [0, -1.657],
                    [1.657, 0],
                    [0, 0],
                    [0, 1.656]
                  ],
                  "o": [
                    [0, 0],
                    [1.657, 0],
                    [0, 1.656],
                    [0, 0],
                    [-1.657, 0],
                    [0, -1.657]
                  ],
                  "v": [
                    [-7.5, -3],
                    [7.5, -3],
                    [10.5, 0],
                    [7.5, 3],
                    [-7.5, 3],
                    [-10.5, 0]
                  ],
                  "c": true
                },
                "ix": 2
              },
              "nm": "Path 1",
              "mn": "ADBE Vector Shape - Group",
              "hd": false
            },
            {
              "ty": "fl",
              "c": {
                "a": 0,
                "k": [
                  0.6784313725490196, 0.6784313725490196, 0.6784313725490196, 1
                ],
                "ix": 4
              },
              "o": { "a": 0, "k": 100, "ix": 5 },
              "r": 1,
              "bm": 0,
              "nm": "Fill 1",
              "mn": "ADBE Vector Graphic - Fill",
              "hd": false
            },
            {
              "ty": "tr",
              "p": { "a": 0, "k": [70.75, 3.25], "ix": 2 },
              "a": { "a": 0, "k": [0, 0], "ix": 1 },
              "s": { "a": 0, "k": [100, 100], "ix": 3 },
              "r": { "a": 0, "k": 0, "ix": 6 },
              "o": { "a": 0, "k": 100, "ix": 7 },
              "sk": { "a": 0, "k": 0, "ix": 4 },
              "sa": { "a": 0, "k": 0, "ix": 5 },
              "nm": "Transform"
            }
          ],
          "nm": "Group 12",
          "np": 2,
          "cix": 2,
          "bm": 0,
          "ix": 12,
          "mn": "ADBE Vector Group",
          "hd": false
        },
        {
          "ty": "gr",
          "it": [
            {
              "ind": 0,
              "ty": "sh",
              "ix": 1,
              "ks": {
                "a": 0,
                "k": {
                  "i": [
                    [-1.657, 0],
                    [0, 0],
                    [0, -1.657],
                    [1.657, 0],
                    [0, 0],
                    [0, 1.656]
                  ],
                  "o": [
                    [0, 0],
                    [1.657, 0],
                    [0, 1.656],
                    [0, 0],
                    [-1.657, 0],
                    [0, -1.657]
                  ],
                  "v": [
                    [-7.5, -3],
                    [7.5, -3],
                    [10.5, 0],
                    [7.5, 3],
                    [-7.5, 3],
                    [-10.5, 0]
                  ],
                  "c": true
                },
                "ix": 2
              },
              "nm": "Path 1",
              "mn": "ADBE Vector Shape - Group",
              "hd": false
            },
            {
              "ty": "fl",
              "c": {
                "a": 0,
                "k": [
                  0.6784313725490196, 0.6784313725490196, 0.6784313725490196, 1
                ],
                "ix": 4
              },
              "o": { "a": 0, "k": 100, "ix": 5 },
              "r": 1,
              "bm": 0,
              "nm": "Fill 1",
              "mn": "ADBE Vector Graphic - Fill",
              "hd": false
            },
            {
              "ty": "tr",
              "p": { "a": 0, "k": [40.75, 3.25], "ix": 2 },
              "a": { "a": 0, "k": [0, 0], "ix": 1 },
              "s": { "a": 0, "k": [100, 100], "ix": 3 },
              "r": { "a": 0, "k": 0, "ix": 6 },
              "o": { "a": 0, "k": 100, "ix": 7 },
              "sk": { "a": 0, "k": 0, "ix": 4 },
              "sa": { "a": 0, "k": 0, "ix": 5 },
              "nm": "Transform"
            }
          ],
          "nm": "Group 13",
          "np": 2,
          "cix": 2,
          "bm": 0,
          "ix": 13,
          "mn": "ADBE Vector Group",
          "hd": false
        },
        {
          "ty": "gr",
          "it": [
            {
              "ind": 0,
              "ty": "sh",
              "ix": 1,
              "ks": {
                "a": 0,
                "k": {
                  "i": [
                    [-1.657, 0],
                    [0, 0],
                    [0, -1.657],
                    [1.657, 0],
                    [0, 0],
                    [0, 1.656]
                  ],
                  "o": [
                    [0, 0],
                    [1.657, 0],
                    [0, 1.656],
                    [0, 0],
                    [-1.657, 0],
                    [0, -1.657]
                  ],
                  "v": [
                    [-7.5, -3],
                    [7.5, -3],
                    [10.5, 0],
                    [7.5, 3],
                    [-7.5, 3],
                    [-10.5, 0]
                  ],
                  "c": true
                },
                "ix": 2
              },
              "nm": "Path 1",
              "mn": "ADBE Vector Shape - Group",
              "hd": false
            },
            {
              "ty": "fl",
              "c": {
                "a": 0,
                "k": [
                  0.6784313725490196, 0.6784313725490196, 0.6784313725490196, 1
                ],
                "ix": 4
              },
              "o": { "a": 0, "k": 100, "ix": 5 },
              "r": 1,
              "bm": 0,
              "nm": "Fill 1",
              "mn": "ADBE Vector Graphic - Fill",
              "hd": false
            },
            {
              "ty": "tr",
              "p": { "a": 0, "k": [10.75, 3.25], "ix": 2 },
              "a": { "a": 0, "k": [0, 0], "ix": 1 },
              "s": { "a": 0, "k": [100, 100], "ix": 3 },
              "r": { "a": 0, "k": 0, "ix": 6 },
              "o": { "a": 0, "k": 100, "ix": 7 },
              "sk": { "a": 0, "k": 0, "ix": 4 },
              "sa": { "a": 0, "k": 0, "ix": 5 },
              "nm": "Transform"
            }
          ],
          "nm": "Group 14",
          "np": 2,
          "cix": 2,
          "bm": 0,
          "ix": 14,
          "mn": "ADBE Vector Group",
          "hd": false
        }
      ],
      "ip": 0,
      "op": 108,
      "st": 0,
      "bm": 0
    }
  ],
  "markers": []
}
