{
  "v": "5.7.4",
  "fr": 30,
  "ip": 0,
  "op": 162,
  "w": 72,
  "h": 72,
  "nm": "Comp 1",
  "ddd": 0,
  "assets": [],
  "layers": [
    {
      "ddd": 0,
      "ind": 1,
      "ty": 4,
      "nm": "Shape Layer 2",
      "parent": 4,
      "sr": 1,
      "ks": {
        "o": { "a": 0, "k": 100, "ix": 11 },
        "r": { "a": 0, "k": 135, "ix": 10 },
        "p": {
          "a": 1,
          "k": [
            {
              "i": { "x": 0.667, "y": 1 },
              "o": { "x": 0.333, "y": 0 },
              "t": 35,
              "s": [45.812, 23.438, 0],
              "to": [0.458, 0.417, 0],
              "ti": [-0.458, -0.417, 0]
            },
            {
              "i": { "x": 0.667, "y": 0.667 },
              "o": { "x": 0.167, "y": 0.167 },
              "t": 47,
              "s": [48.562, 25.938, 0],
              "to": [0, 0, 0],
              "ti": [0, 0, 0]
            },
            {
              "i": { "x": 0.833, "y": 1 },
              "o": { "x": 0.167, "y": 0 },
              "t": 120,
              "s": [48.562, 25.938, 0],
              "to": [-0.458, -0.417, 0],
              "ti": [0.458, 0.417, 0]
            },
            { "t": 131, "s": [45.812, 23.438, 0] }
          ],
          "ix": 2,
          "l": 2
        },
        "a": { "a": 0, "k": [-5.938, 1.562, 0], "ix": 1, "l": 2 },
        "s": { "a": 0, "k": [100, 100, 100], "ix": 6, "l": 2 }
      },
      "ao": 0,
      "shapes": [
        {
          "ty": "gr",
          "it": [
            {
              "ty": "rc",
              "d": 3,
              "s": {
                "a": 1,
                "k": [
                  {
                    "i": { "x": [0.667, 0.667], "y": [1, 1] },
                    "o": { "x": [0.333, 0.333], "y": [0, 0] },
                    "t": 35,
                    "s": [34.224, 5.708]
                  },
                  {
                    "i": { "x": [0.667, 0.667], "y": [1, 1] },
                    "o": { "x": [0.167, 0.167], "y": [0, 0] },
                    "t": 47,
                    "s": [5.224, 5.708]
                  },
                  {
                    "i": { "x": [0.833, 0.833], "y": [1, 1] },
                    "o": { "x": [0.167, 0.167], "y": [0, 0] },
                    "t": 120,
                    "s": [5.224, 5.708]
                  },
                  { "t": 131, "s": [34.224, 5.708] }
                ],
                "ix": 2
              },
              "p": {
                "a": 1,
                "k": [
                  {
                    "i": { "x": 0.667, "y": 1 },
                    "o": { "x": 0.333, "y": 0 },
                    "t": 35,
                    "s": [0, 0],
                    "to": [-2.333, 0.333],
                    "ti": [2.333, -0.333]
                  },
                  {
                    "i": { "x": 0.667, "y": 0.667 },
                    "o": { "x": 0.167, "y": 0.167 },
                    "t": 47,
                    "s": [-14, 2],
                    "to": [0, 0],
                    "ti": [0, 0]
                  },
                  {
                    "i": { "x": 0.833, "y": 1 },
                    "o": { "x": 0.167, "y": 0 },
                    "t": 120,
                    "s": [-14, 2],
                    "to": [2.333, -0.333],
                    "ti": [-2.333, 0.333]
                  },
                  { "t": 131, "s": [0, 0] }
                ],
                "ix": 3
              },
              "r": {
                "a": 1,
                "k": [
                  {
                    "i": { "x": [0.667], "y": [1] },
                    "o": { "x": [0.333], "y": [0] },
                    "t": 35,
                    "s": [32]
                  },
                  {
                    "i": { "x": [0.667], "y": [1] },
                    "o": { "x": [0.167], "y": [0] },
                    "t": 47,
                    "s": [32]
                  },
                  {
                    "i": { "x": [0.833], "y": [1] },
                    "o": { "x": [0.167], "y": [0] },
                    "t": 120,
                    "s": [32]
                  },
                  { "t": 131, "s": [32] }
                ],
                "ix": 4
              },
              "nm": "Rectangle Path 1",
              "mn": "ADBE Vector Shape - Rect",
              "hd": false
            },
            {
              "ty": "fl",
              "c": { "a": 0, "k": [1, 1, 1, 1], "ix": 4 },
              "o": { "a": 0, "k": 100, "ix": 5 },
              "r": 1,
              "bm": 0,
              "nm": "Fill 1",
              "mn": "ADBE Vector Graphic - Fill",
              "hd": false
            },
            {
              "ty": "tr",
              "p": { "a": 0, "k": [-5.969, 1.696], "ix": 2 },
              "a": { "a": 0, "k": [-17.143, -0.033], "ix": 1 },
              "s": { "a": 0, "k": [100, 100], "ix": 3 },
              "r": { "a": 0, "k": 0, "ix": 6 },
              "o": { "a": 0, "k": 100, "ix": 7 },
              "sk": { "a": 0, "k": 0, "ix": 4 },
              "sa": { "a": 0, "k": 0, "ix": 5 },
              "nm": "Transform"
            }
          ],
          "nm": "Rectangle 1",
          "np": 3,
          "cix": 2,
          "bm": 0,
          "ix": 1,
          "mn": "ADBE Vector Group",
          "hd": false
        }
      ],
      "ip": 0,
      "op": 480,
      "st": 0,
      "bm": 0
    },
    {
      "ddd": 0,
      "ind": 2,
      "ty": 4,
      "nm": "Shape Layer 1",
      "parent": 4,
      "sr": 1,
      "ks": {
        "o": { "a": 0, "k": 100, "ix": 11 },
        "r": { "a": 0, "k": 45, "ix": 10 },
        "p": {
          "a": 1,
          "k": [
            {
              "i": { "x": 0.667, "y": 1 },
              "o": { "x": 0.333, "y": 0 },
              "t": 35,
              "s": [21.812, 23.188, 0],
              "to": [0.083, 0, 0],
              "ti": [-0.083, 0, 0]
            },
            {
              "i": { "x": 0.667, "y": 0.667 },
              "o": { "x": 0.167, "y": 0.167 },
              "t": 47,
              "s": [22.312, 23.188, 0],
              "to": [0, 0, 0],
              "ti": [0, 0, 0]
            },
            {
              "i": { "x": 0.833, "y": 1 },
              "o": { "x": 0.167, "y": 0 },
              "t": 120,
              "s": [22.312, 23.188, 0],
              "to": [-0.083, 0, 0],
              "ti": [0.083, 0, 0]
            },
            { "t": 131, "s": [21.812, 23.188, 0] }
          ],
          "ix": 2,
          "l": 2
        },
        "a": { "a": 0, "k": [-5.938, 1.562, 0], "ix": 1, "l": 2 },
        "s": { "a": 0, "k": [100, 100, 100], "ix": 6, "l": 2 }
      },
      "ao": 0,
      "shapes": [
        {
          "ty": "gr",
          "it": [
            {
              "ty": "rc",
              "d": 3,
              "s": {
                "a": 1,
                "k": [
                  {
                    "i": { "x": [0.667, 0.667], "y": [1, 1] },
                    "o": { "x": [0.333, 0.333], "y": [0, 0] },
                    "t": 35,
                    "s": [34.224, 5.708]
                  },
                  {
                    "i": { "x": [0.667, 0.667], "y": [1, 1] },
                    "o": { "x": [0.167, 0.167], "y": [0, 0] },
                    "t": 47,
                    "s": [5.224, 5.708]
                  },
                  {
                    "i": { "x": [0.833, 0.833], "y": [1, 1] },
                    "o": { "x": [0.167, 0.167], "y": [0, 0] },
                    "t": 120,
                    "s": [5.224, 5.708]
                  },
                  { "t": 131, "s": [34.224, 5.708] }
                ],
                "ix": 2
              },
              "p": {
                "a": 1,
                "k": [
                  {
                    "i": { "x": 0.667, "y": 1 },
                    "o": { "x": 0.333, "y": 0 },
                    "t": 35,
                    "s": [0, 0],
                    "to": [-2.333, 0.333],
                    "ti": [2.333, -0.333]
                  },
                  {
                    "i": { "x": 0.667, "y": 0.667 },
                    "o": { "x": 0.167, "y": 0.167 },
                    "t": 47,
                    "s": [-14, 2],
                    "to": [0, 0],
                    "ti": [0, 0]
                  },
                  {
                    "i": { "x": 0.833, "y": 1 },
                    "o": { "x": 0.167, "y": 0 },
                    "t": 120,
                    "s": [-14, 2],
                    "to": [2.333, -0.333],
                    "ti": [-2.333, 0.333]
                  },
                  { "t": 131, "s": [0, 0] }
                ],
                "ix": 3
              },
              "r": {
                "a": 1,
                "k": [
                  {
                    "i": { "x": [0.667], "y": [1] },
                    "o": { "x": [0.333], "y": [0] },
                    "t": 35,
                    "s": [32]
                  },
                  {
                    "i": { "x": [0.667], "y": [1] },
                    "o": { "x": [0.167], "y": [0] },
                    "t": 47,
                    "s": [32]
                  },
                  {
                    "i": { "x": [0.833], "y": [1] },
                    "o": { "x": [0.167], "y": [0] },
                    "t": 120,
                    "s": [32]
                  },
                  { "t": 131, "s": [32] }
                ],
                "ix": 4
              },
              "nm": "Rectangle Path 1",
              "mn": "ADBE Vector Shape - Rect",
              "hd": false
            },
            {
              "ty": "fl",
              "c": { "a": 0, "k": [1, 1, 1, 1], "ix": 4 },
              "o": { "a": 0, "k": 100, "ix": 5 },
              "r": 1,
              "bm": 0,
              "nm": "Fill 1",
              "mn": "ADBE Vector Graphic - Fill",
              "hd": false
            },
            {
              "ty": "tr",
              "p": { "a": 0, "k": [-5.969, 1.446], "ix": 2 },
              "a": { "a": 0, "k": [-17.143, -0.033], "ix": 1 },
              "s": { "a": 0, "k": [100, 100], "ix": 3 },
              "r": { "a": 0, "k": 0, "ix": 6 },
              "o": { "a": 0, "k": 100, "ix": 7 },
              "sk": { "a": 0, "k": 0, "ix": 4 },
              "sa": { "a": 0, "k": 0, "ix": 5 },
              "nm": "Transform"
            }
          ],
          "nm": "Rectangle 1",
          "np": 3,
          "cix": 2,
          "bm": 0,
          "ix": 1,
          "mn": "ADBE Vector Group",
          "hd": false
        }
      ],
      "ip": 0,
      "op": 480,
      "st": 0,
      "bm": 0
    },
    {
      "ddd": 0,
      "ind": 3,
      "ty": 4,
      "nm": "mouth/Payment failed Outlines",
      "parent": 4,
      "sr": 1,
      "ks": {
        "o": {
          "a": 1,
          "k": [
            {
              "i": { "x": [0.833], "y": [0.833] },
              "o": { "x": [0.167], "y": [0.167] },
              "t": 44,
              "s": [0]
            },
            {
              "i": { "x": [0.833], "y": [0.833] },
              "o": { "x": [0.167], "y": [0.167] },
              "t": 47,
              "s": [100]
            },
            {
              "i": { "x": [0.833], "y": [0.833] },
              "o": { "x": [0.167], "y": [0.167] },
              "t": 120,
              "s": [100]
            },
            { "t": 123, "s": [0] }
          ],
          "ix": 11
        },
        "r": { "a": 0, "k": 0, "ix": 10 },
        "p": { "a": 0, "k": [34.5, 39.5, 0], "ix": 2, "l": 2 },
        "a": { "a": 0, "k": [13.5, 5, 0], "ix": 1, "l": 2 },
        "s": { "a": 0, "k": [100, 100, 100], "ix": 6, "l": 2 }
      },
      "ao": 0,
      "shapes": [
        {
          "ty": "gr",
          "it": [
            {
              "ind": 0,
              "ty": "sh",
              "ix": 1,
              "ks": {
                "a": 0,
                "k": {
                  "i": [
                    [-0.753, 0.444],
                    [0.51, 0.717],
                    [1.924, 1.132],
                    [2.749, 0.012],
                    [2.391, -1.379],
                    [1.31, -1.81],
                    [-0.749, -0.45],
                    [-0.533, 0.699],
                    [-1.454, 0.839],
                    [-2.2, -0.009],
                    [-1.904, -1.119],
                    [-1.007, -1.344]
                  ],
                  "o": [
                    [0.753, -0.444],
                    [-1.295, -1.821],
                    [-2.379, -1.399],
                    [-2.749, -0.012],
                    [-1.933, 1.114],
                    [-0.516, 0.712],
                    [0.749, 0.451],
                    [1.018, -1.335],
                    [1.913, -1.103],
                    [2.199, 0.01],
                    [1.447, 0.852],
                    [0.527, 0.704]
                  ],
                  "v": [
                    [12.23, 4.176],
                    [12.736, 2.029],
                    [7.857, -2.454],
                    [0.031, -4.607],
                    [-7.814, -2.521],
                    [-12.729, 1.919],
                    [-12.242, 4.07],
                    [-10.001, 3.562],
                    [-6.258, 0.266],
                    [0.018, -1.404],
                    [6.279, 0.32],
                    [9.993, 3.648]
                  ],
                  "c": true
                },
                "ix": 2
              },
              "nm": "Path 1",
              "mn": "ADBE Vector Shape - Group",
              "hd": false
            },
            {
              "ty": "fl",
              "c": { "a": 0, "k": [1, 1, 1, 1], "ix": 4 },
              "o": { "a": 0, "k": 100, "ix": 5 },
              "r": 1,
              "bm": 0,
              "nm": "Fill 1",
              "mn": "ADBE Vector Graphic - Fill",
              "hd": false
            },
            {
              "ty": "tr",
              "p": { "a": 0, "k": [13.496, 4.869], "ix": 2 },
              "a": { "a": 0, "k": [0, 0], "ix": 1 },
              "s": { "a": 0, "k": [100, 100], "ix": 3 },
              "r": { "a": 0, "k": 0, "ix": 6 },
              "o": { "a": 0, "k": 100, "ix": 7 },
              "sk": { "a": 0, "k": 0, "ix": 4 },
              "sa": { "a": 0, "k": 0, "ix": 5 },
              "nm": "Transform"
            }
          ],
          "nm": "Group 1",
          "np": 2,
          "cix": 2,
          "bm": 0,
          "ix": 1,
          "mn": "ADBE Vector Group",
          "hd": false
        }
      ],
      "ip": 44,
      "op": 123,
      "st": 44,
      "bm": 0
    },
    {
      "ddd": 0,
      "ind": 4,
      "ty": 4,
      "nm": "Circle/Payment failed Outlines",
      "sr": 1,
      "ks": {
        "o": { "a": 0, "k": 100, "ix": 11 },
        "r": { "a": 0, "k": 0, "ix": 10 },
        "p": { "a": 0, "k": [36, 36, 0], "ix": 2, "l": 2 },
        "a": { "a": 0, "k": [34.5, 34.5, 0], "ix": 1, "l": 2 },
        "s": {
          "a": 1,
          "k": [
            {
              "i": { "x": [0.571, 0.571, 0.571], "y": [1, 1, 1] },
              "o": { "x": [0.192, 0.192, 0.192], "y": [0, 0, 0] },
              "t": 47,
              "s": [100, 100, 100]
            },
            {
              "i": { "x": [0.677, 0.677, 0.677], "y": [1, 1, 1] },
              "o": { "x": [0.324, 0.324, 0.324], "y": [0, 0, 0] },
              "t": 83,
              "s": [86, 86, 100]
            },
            { "t": 120, "s": [100, 100, 100] }
          ],
          "ix": 6,
          "l": 2
        }
      },
      "ao": 0,
      "shapes": [
        {
          "ty": "gr",
          "it": [
            {
              "ind": 0,
              "ty": "sh",
              "ix": 1,
              "ks": {
                "a": 0,
                "k": {
                  "i": [
                    [-18.778, 0],
                    [0, -18.778],
                    [18.778, 0],
                    [0, 18.778]
                  ],
                  "o": [
                    [18.778, 0],
                    [0, 18.778],
                    [-18.778, 0],
                    [0, -18.778]
                  ],
                  "v": [
                    [0, -34],
                    [34, 0],
                    [0, 34],
                    [-34, 0]
                  ],
                  "c": true
                },
                "ix": 2
              },
              "nm": "Path 1",
              "mn": "ADBE Vector Shape - Group",
              "hd": false
            },
            {
              "ty": "fl",
              "c": {
                "a": 0,
                "k": [
                  0.8901960784313725, 0.1450980392156863, 0.14901960784313725, 1
                ],
                "ix": 4
              },
              "o": { "a": 0, "k": 100, "ix": 5 },
              "r": 1,
              "bm": 0,
              "nm": "Fill 1",
              "mn": "ADBE Vector Graphic - Fill",
              "hd": false
            },
            {
              "ty": "tr",
              "p": { "a": 0, "k": [34.25, 34.25], "ix": 2 },
              "a": { "a": 0, "k": [0, 0], "ix": 1 },
              "s": { "a": 0, "k": [100, 100], "ix": 3 },
              "r": { "a": 0, "k": 0, "ix": 6 },
              "o": { "a": 0, "k": 100, "ix": 7 },
              "sk": { "a": 0, "k": 0, "ix": 4 },
              "sa": { "a": 0, "k": 0, "ix": 5 },
              "nm": "Transform"
            }
          ],
          "nm": "Group 1",
          "np": 2,
          "cix": 2,
          "bm": 0,
          "ix": 1,
          "mn": "ADBE Vector Group",
          "hd": false
        }
      ],
      "ip": 0,
      "op": 480,
      "st": 0,
      "bm": 0
    }
  ],
  "markers": []
}
