{
  "nm": "Price & Cals Loading",
  "ddd": 0,
  "h": 25,
  "w": 32,
  "meta": { "g": "LottieFiles AE 0.1.20" },
  "layers": [
    {
      "ty": 4,
      "nm": "Dot 3",
      "sr": 1,
      "st": -29.0000011811942,
      "op": 69.0000028104276,
      "ip": 0,
      "hd": false,
      "ddd": 0,
      "bm": 0,
      "hasMask": false,
      "ao": 0,
      "ks": {
        "a": { "a": 0, "k": [-15.551, -157.551, 0], "ix": 1 },
        "s": { "a": 0, "k": [37.943, 37.943, 100], "ix": 6 },
        "sk": { "a": 0, "k": 0 },
        "p": {
          "a": 1,
          "k": [
            {
              "o": { "x": 0.167, "y": 0.167 },
              "i": { "x": 0.833, "y": 0.833 },
              "s": [23.262, 19.199, 0],
              "t": 8,
              "ti": [0, 0, 0],
              "to": [0, 0, 0]
            },
            {
              "o": { "x": 0.167, "y": 0.167 },
              "i": { "x": 0.833, "y": 0.833 },
              "s": [23.262, 15.699, 0],
              "t": 14,
              "ti": [0, 0, 0],
              "to": [0, 0, 0]
            },
            {
              "o": { "x": 0.167, "y": 0.167 },
              "i": { "x": 0.833, "y": 0.833 },
              "s": [23.262, 19.199, 0],
              "t": 20,
              "ti": [0, 0, 0],
              "to": [0, 0, 0]
            },
            {
              "o": { "x": 0.167, "y": 0.167 },
              "i": { "x": 0.833, "y": 0.833 },
              "s": [23.262, 19.199, 0],
              "t": 37,
              "ti": [0, 0, 0],
              "to": [0, 0, 0]
            },
            {
              "o": { "x": 0.167, "y": 0.167 },
              "i": { "x": 0.833, "y": 0.833 },
              "s": [23.262, 15.699, 0],
              "t": 43,
              "ti": [0, 0, 0],
              "to": [0, 0, 0]
            },
            {
              "o": { "x": 0.167, "y": 0.167 },
              "i": { "x": 0.833, "y": 0.833 },
              "s": [23.262, 19.199, 0],
              "t": 49,
              "ti": [0, 0, 0],
              "to": [0, 0, 0]
            },
            {
              "o": { "x": 0.167, "y": 0.167 },
              "i": { "x": 0.833, "y": 0.833 },
              "s": [23.262, 19.199, 0],
              "t": 66,
              "ti": [0, 0, 0],
              "to": [0, 0, 0]
            },
            {
              "o": { "x": 0.167, "y": 0.167 },
              "i": { "x": 0.833, "y": 0.833 },
              "s": [23.262, 15.699, 0],
              "t": 72,
              "ti": [0, 0, 0],
              "to": [0, 0, 0]
            },
            { "s": [23.262, 19.199, 0], "t": 78.0000031770051 }
          ],
          "ix": 2
        },
        "r": { "a": 0, "k": 0, "ix": 10 },
        "sa": { "a": 0, "k": 0 },
        "o": {
          "a": 1,
          "k": [
            {
              "o": { "x": 0.167, "y": 0.167 },
              "i": { "x": 0.833, "y": 0.833 },
              "s": [0],
              "t": 0
            },
            {
              "o": { "x": 0.167, "y": 0.167 },
              "i": { "x": 0.833, "y": 0.833 },
              "s": [100],
              "t": 2
            },
            {
              "o": { "x": 0.167, "y": 0.167 },
              "i": { "x": 0.833, "y": 0.833 },
              "s": [100],
              "t": 67
            },
            { "s": [0], "t": 69.0000028104276 }
          ],
          "ix": 11
        }
      },
      "ef": [],
      "shapes": [
        {
          "ty": "gr",
          "bm": 0,
          "hd": false,
          "mn": "ADBE Vector Group",
          "nm": "Ellipse 1",
          "ix": 1,
          "cix": 2,
          "np": 3,
          "it": [
            {
              "ty": "el",
              "bm": 0,
              "hd": false,
              "mn": "ADBE Vector Shape - Ellipse",
              "nm": "Ellipse Path 1",
              "d": 1,
              "p": { "a": 0, "k": [0, 0], "ix": 3 },
              "s": { "a": 0, "k": [13.898, 13.898], "ix": 2 }
            },
            {
              "ty": "st",
              "bm": 0,
              "hd": false,
              "mn": "ADBE Vector Graphic - Stroke",
              "nm": "Stroke 1",
              "lc": 1,
              "lj": 1,
              "ml": 4,
              "o": { "a": 0, "k": 100, "ix": 4 },
              "w": { "a": 0, "k": 2, "ix": 5 },
              "c": { "a": 0, "k": [1, 1, 1], "ix": 3 }
            },
            {
              "ty": "fl",
              "bm": 0,
              "hd": false,
              "mn": "ADBE Vector Graphic - Fill",
              "nm": "Fill 1",
              "c": { "a": 0, "k": [1, 1, 1], "ix": 4 },
              "r": 1,
              "o": { "a": 0, "k": 100, "ix": 5 }
            },
            {
              "ty": "tr",
              "a": { "a": 0, "k": [0, 0], "ix": 1 },
              "s": { "a": 0, "k": [100, 100], "ix": 3 },
              "sk": { "a": 0, "k": 0, "ix": 4 },
              "p": { "a": 0, "k": [-15.551, -157.551], "ix": 2 },
              "r": { "a": 0, "k": 0, "ix": 6 },
              "sa": { "a": 0, "k": 0, "ix": 5 },
              "o": { "a": 0, "k": 100, "ix": 7 }
            }
          ]
        }
      ],
      "ind": 1
    },
    {
      "ty": 4,
      "nm": "Dot 2",
      "sr": 1,
      "st": -29.0000011811942,
      "op": 69.0000028104276,
      "ip": 0,
      "hd": false,
      "ddd": 0,
      "bm": 0,
      "hasMask": false,
      "ao": 0,
      "ks": {
        "a": { "a": 0, "k": [-15.551, -157.551, 0], "ix": 1 },
        "s": { "a": 0, "k": [37.943, 37.943, 100], "ix": 6 },
        "sk": { "a": 0, "k": 0 },
        "p": {
          "a": 1,
          "k": [
            {
              "o": { "x": 0.167, "y": 0.167 },
              "i": { "x": 0.833, "y": 0.833 },
              "s": [15.012, 19.199, 0],
              "t": 5,
              "ti": [0, 0, 0],
              "to": [0, 0, 0]
            },
            {
              "o": { "x": 0.167, "y": 0.167 },
              "i": { "x": 0.833, "y": 0.833 },
              "s": [15.012, 15.699, 0],
              "t": 11,
              "ti": [0, 0, 0],
              "to": [0, 0, 0]
            },
            {
              "o": { "x": 0.167, "y": 0.167 },
              "i": { "x": 0.833, "y": 0.833 },
              "s": [15.012, 19.199, 0],
              "t": 17,
              "ti": [0, 0, 0],
              "to": [0, 0, 0]
            },
            {
              "o": { "x": 0.167, "y": 0.167 },
              "i": { "x": 0.833, "y": 0.833 },
              "s": [15.012, 19.199, 0],
              "t": 34,
              "ti": [0, 0, 0],
              "to": [0, 0, 0]
            },
            {
              "o": { "x": 0.167, "y": 0.167 },
              "i": { "x": 0.833, "y": 0.833 },
              "s": [15.012, 15.699, 0],
              "t": 40,
              "ti": [0, 0, 0],
              "to": [0, 0, 0]
            },
            {
              "o": { "x": 0.167, "y": 0.167 },
              "i": { "x": 0.833, "y": 0.833 },
              "s": [15.012, 19.199, 0],
              "t": 46,
              "ti": [0, 0, 0],
              "to": [0, 0, 0]
            },
            {
              "o": { "x": 0.167, "y": 0.167 },
              "i": { "x": 0.833, "y": 0.833 },
              "s": [15.012, 19.199, 0],
              "t": 63,
              "ti": [0, 0, 0],
              "to": [0, 0, 0]
            },
            {
              "o": { "x": 0.167, "y": 0.167 },
              "i": { "x": 0.833, "y": 0.833 },
              "s": [15.012, 15.699, 0],
              "t": 69,
              "ti": [0, 0, 0],
              "to": [0, 0, 0]
            },
            { "s": [15.012, 19.199, 0], "t": 75.0000030548126 }
          ],
          "ix": 2
        },
        "r": { "a": 0, "k": 0, "ix": 10 },
        "sa": { "a": 0, "k": 0 },
        "o": {
          "a": 1,
          "k": [
            {
              "o": { "x": 0.167, "y": 0.167 },
              "i": { "x": 0.833, "y": 0.833 },
              "s": [0],
              "t": 0
            },
            {
              "o": { "x": 0.167, "y": 0.167 },
              "i": { "x": 0.833, "y": 0.833 },
              "s": [100],
              "t": 2
            },
            {
              "o": { "x": 0.167, "y": 0.167 },
              "i": { "x": 0.833, "y": 0.833 },
              "s": [100],
              "t": 67
            },
            { "s": [0], "t": 69.0000028104276 }
          ],
          "ix": 11
        }
      },
      "ef": [],
      "shapes": [
        {
          "ty": "gr",
          "bm": 0,
          "hd": false,
          "mn": "ADBE Vector Group",
          "nm": "Ellipse 1",
          "ix": 1,
          "cix": 2,
          "np": 3,
          "it": [
            {
              "ty": "el",
              "bm": 0,
              "hd": false,
              "mn": "ADBE Vector Shape - Ellipse",
              "nm": "Ellipse Path 1",
              "d": 1,
              "p": { "a": 0, "k": [0, 0], "ix": 3 },
              "s": { "a": 0, "k": [13.898, 13.898], "ix": 2 }
            },
            {
              "ty": "st",
              "bm": 0,
              "hd": false,
              "mn": "ADBE Vector Graphic - Stroke",
              "nm": "Stroke 1",
              "lc": 1,
              "lj": 1,
              "ml": 4,
              "o": { "a": 0, "k": 100, "ix": 4 },
              "w": { "a": 0, "k": 2, "ix": 5 },
              "c": { "a": 0, "k": [1, 1, 1], "ix": 3 }
            },
            {
              "ty": "fl",
              "bm": 0,
              "hd": false,
              "mn": "ADBE Vector Graphic - Fill",
              "nm": "Fill 1",
              "c": { "a": 0, "k": [1, 1, 1], "ix": 4 },
              "r": 1,
              "o": { "a": 0, "k": 100, "ix": 5 }
            },
            {
              "ty": "tr",
              "a": { "a": 0, "k": [0, 0], "ix": 1 },
              "s": { "a": 0, "k": [100, 100], "ix": 3 },
              "sk": { "a": 0, "k": 0, "ix": 4 },
              "p": { "a": 0, "k": [-15.551, -157.551], "ix": 2 },
              "r": { "a": 0, "k": 0, "ix": 6 },
              "sa": { "a": 0, "k": 0, "ix": 5 },
              "o": { "a": 0, "k": 100, "ix": 7 }
            }
          ]
        }
      ],
      "ind": 2
    },
    {
      "ty": 4,
      "nm": "Dot 1",
      "sr": 1,
      "st": -29.0000011811942,
      "op": 69.0000028104276,
      "ip": 0,
      "hd": false,
      "ddd": 0,
      "bm": 0,
      "hasMask": false,
      "ao": 0,
      "ks": {
        "a": { "a": 0, "k": [-15.551, -157.551, 0], "ix": 1 },
        "s": { "a": 0, "k": [37.943, 37.943, 100], "ix": 6 },
        "sk": { "a": 0, "k": 0 },
        "p": {
          "a": 1,
          "k": [
            {
              "o": { "x": 0.167, "y": 0.167 },
              "i": { "x": 0.833, "y": 0.833 },
              "s": [7.012, 19.199, 0],
              "t": 2,
              "ti": [0, 0, 0],
              "to": [0, 0, 0]
            },
            {
              "o": { "x": 0.167, "y": 0.167 },
              "i": { "x": 0.833, "y": 0.833 },
              "s": [7.012, 15.699, 0],
              "t": 8,
              "ti": [0, 0, 0],
              "to": [0, 0, 0]
            },
            {
              "o": { "x": 0.167, "y": 0.167 },
              "i": { "x": 0.833, "y": 0.833 },
              "s": [7.012, 19.199, 0],
              "t": 14,
              "ti": [0, 0, 0],
              "to": [0, 0, 0]
            },
            {
              "o": { "x": 0.167, "y": 0.167 },
              "i": { "x": 0.833, "y": 0.833 },
              "s": [7.012, 19.199, 0],
              "t": 31,
              "ti": [0, 0, 0],
              "to": [0, 0, 0]
            },
            {
              "o": { "x": 0.167, "y": 0.167 },
              "i": { "x": 0.833, "y": 0.833 },
              "s": [7.012, 15.699, 0],
              "t": 37,
              "ti": [0, 0, 0],
              "to": [0, 0, 0]
            },
            {
              "o": { "x": 0.167, "y": 0.167 },
              "i": { "x": 0.833, "y": 0.833 },
              "s": [7.012, 19.199, 0],
              "t": 43,
              "ti": [0, 0, 0],
              "to": [0, 0, 0]
            },
            {
              "o": { "x": 0.167, "y": 0.167 },
              "i": { "x": 0.833, "y": 0.833 },
              "s": [7.012, 19.199, 0],
              "t": 60,
              "ti": [0, 0, 0],
              "to": [0, 0, 0]
            },
            {
              "o": { "x": 0.167, "y": 0.167 },
              "i": { "x": 0.833, "y": 0.833 },
              "s": [7.012, 15.699, 0],
              "t": 66,
              "ti": [0, 0, 0],
              "to": [0, 0, 0]
            },
            { "s": [7.012, 19.199, 0], "t": 72.0000029326201 }
          ],
          "ix": 2
        },
        "r": { "a": 0, "k": 0, "ix": 10 },
        "sa": { "a": 0, "k": 0 },
        "o": {
          "a": 1,
          "k": [
            {
              "o": { "x": 0.167, "y": 0.167 },
              "i": { "x": 0.833, "y": 0.833 },
              "s": [0],
              "t": 0
            },
            {
              "o": { "x": 0.167, "y": 0.167 },
              "i": { "x": 0.833, "y": 0.833 },
              "s": [100],
              "t": 2
            },
            {
              "o": { "x": 0.167, "y": 0.167 },
              "i": { "x": 0.833, "y": 0.833 },
              "s": [100],
              "t": 67
            },
            { "s": [0], "t": 69.0000028104276 }
          ],
          "ix": 11
        }
      },
      "ef": [],
      "shapes": [
        {
          "ty": "gr",
          "bm": 0,
          "hd": false,
          "mn": "ADBE Vector Group",
          "nm": "Ellipse 1",
          "ix": 1,
          "cix": 2,
          "np": 3,
          "it": [
            {
              "ty": "el",
              "bm": 0,
              "hd": false,
              "mn": "ADBE Vector Shape - Ellipse",
              "nm": "Ellipse Path 1",
              "d": 1,
              "p": { "a": 0, "k": [0, 0], "ix": 3 },
              "s": { "a": 0, "k": [13.898, 13.898], "ix": 2 }
            },
            {
              "ty": "st",
              "bm": 0,
              "hd": false,
              "mn": "ADBE Vector Graphic - Stroke",
              "nm": "Stroke 1",
              "lc": 1,
              "lj": 1,
              "ml": 4,
              "o": { "a": 0, "k": 100, "ix": 4 },
              "w": { "a": 0, "k": 2, "ix": 5 },
              "c": { "a": 0, "k": [1, 1, 1], "ix": 3 }
            },
            {
              "ty": "fl",
              "bm": 0,
              "hd": false,
              "mn": "ADBE Vector Graphic - Fill",
              "nm": "Fill 1",
              "c": { "a": 0, "k": [1, 1, 1], "ix": 4 },
              "r": 1,
              "o": { "a": 0, "k": 100, "ix": 5 }
            },
            {
              "ty": "tr",
              "a": { "a": 0, "k": [0, 0], "ix": 1 },
              "s": { "a": 0, "k": [100, 100], "ix": 3 },
              "sk": { "a": 0, "k": 0, "ix": 4 },
              "p": { "a": 0, "k": [-15.551, -157.551], "ix": 2 },
              "r": { "a": 0, "k": 0, "ix": 6 },
              "sa": { "a": 0, "k": 0, "ix": 5 },
              "o": { "a": 0, "k": 100, "ix": 7 }
            }
          ]
        }
      ],
      "ind": 3
    }
  ],
  "v": "5.5.7",
  "fr": 29.9700012207031,
  "op": 69.0000028104276,
  "ip": 0,
  "assets": []
}
